player_key,display_name,bat_innings,bat_runs,bat_balls,bat_dismissals,bat_sr,bat_avg,bowl_innings,bowl_balls,bowl_runs,bowl_wickets,bowl_econ,bowl_sr,bat_strength,bowl_strength
a ashish reddy,A Ashish Reddy,23.0,280.0,193.0,15.0,145.0777,18.6667,20.0,262.0,396.0,18.0,9.0687,14.5556,0.6456,0.0356
a badoni,A Badoni,46.0,963.0,695.0,35.0,138.5612,27.5143,7.0,35.0,49.0,4.0,8.4,8.75,0.5903,0.0
a chandila,A Chandila,2.0,4.0,7.0,0.0,57.1429,4.0,12.0,234.0,242.0,11.0,6.2051,21.2727,0.0,2.0613
a chopra,A Chopra,6.0,53.0,71.0,5.0,74.6479,10.6,0.0,0.0,0.0,0.0,0.0,0.0,-2.0954,0.0
a choudhary,A Choudhary,3.0,25.0,20.0,1.0,125.0,25.0,5.0,101.0,144.0,5.0,8.5545,20.2,0.0,0.2215
a dananjaya,A Dananjaya,1.0,4.0,5.0,0.0,80.0,4.0,1.0,24.0,47.0,0.0,11.75,24.0,0.0,0.0
a flintoff,A Flintoff,3.0,62.0,53.0,2.0,116.9811,31.0,3.0,66.0,105.0,2.0,9.5455,33.0,0.0,-1.0856
a kamboj,A Kamboj,6.0,16.0,14.0,2.0,114.2857,8.0,11.0,189.0,286.0,10.0,9.0794,18.9,0.0,-0.1471
a kumble,A Kumble,15.0,35.0,47.0,2.0,74.4681,17.5,42.0,965.0,1058.0,45.0,6.5782,21.4444,0.0,1.7554
a manohar,A Manohar,20.0,292.0,235.0,19.0,124.2553,15.3684,0.0,0.0,0.0,0.0,0.0,0.0,-0.1777,0.0
a mhatre,A Mhatre,7.0,240.0,127.0,7.0,188.9764,34.2857,0.0,0.0,0.0,0.0,0.0,0.0,2.4747,0.0
a mishra,A Mishra,55.0,381.0,419.0,28.0,90.9308,13.6071,162.0,3371.0,4145.0,174.0,7.3776,19.3736,-1.4105,1.1978
a mithun,A Mithun,6.0,34.0,26.0,5.0,130.7692,6.8,16.0,288.0,472.0,7.0,9.8333,41.1429,0.0,-1.6426
a mukund,A Mukund,2.0,19.0,22.0,2.0,86.3636,9.5,0.0,0.0,0.0,0.0,0.0,0.0,0.0,0.0
a nehra,A Nehra,17.0,41.0,62.0,6.0,66.129,6.8333,88.0,1908.0,2495.0,106.0,7.8459,18.0,-2.582,0.8775
a nel,,0.0,0.0,0.0,0.0,0.0,0.0,1.0,18.0,31.0,1.0,10.3333,18.0,0.0,0.0
a nortje,A Nortje,13.0,49.0,49.0,5.0,100.0,9.8,48.0,1096.0,1657.0,61.0,9.0712,17.9672,0.0,-0.1031
a raghuvanshi,A Raghuvanshi,18.0,463.0,320.0,16.0,144.6875,28.9375,0.0,0.0,0.0,0.0,0.0,0.0,0.8301,0.0
a singh,A Singh,5.0,2.0,10.0,4.0,20.0,0.5,23.0,473.0,620.0,28.0,7.8647,16.8929,0.0,0.9068
a symonds,A Symonds,36.0,974.0,750.0,24.0,129.8667,40.5833,30.0,527.0,674.0,20.0,7.6736,26.35,0.4607,0.681
a tomar,A Tomar,1.0,4.0,8.0,1.0,50.0,4.0,0.0,0.0,0.0,0.0,0.0,0.0,0.0,0.0
a uniyal,A Uniyal,2.0,4.0,7.0,1.0,57.1429,4.0,2.0,36.0,66.0,2.0,11.0,18.0,0.0,0.0
a zampa,A Zampa,5.0,15.0,24.0,5.0,62.5,3.0,22.0,467.0,652.0,31.0,8.3769,15.0645,0.0,0.5696
aa bilakhia,AA Bilakhia,7.0,69.0,85.0,5.0,81.1765,13.8,0.0,0.0,0.0,0.0,0.0,0.0,-1.7495,0.0
aa chavan,AA Chavan,3.0,12.0,11.0,1.0,109.0909,12.0,13.0,248.0,326.0,8.0,7.8871,31.0,0.0,0.3236
aa jhunjhunwala,AA Jhunjhunwala,15.0,217.0,210.0,12.0,103.3333,18.0833,10.0,85.0,129.0,1.0,9.1059,85.0,-0.8456,-2.817
aa kazi,,0.0,0.0,0.0,0.0,0.0,0.0,1.0,12.0,21.0,0.0,10.5,12.0,0.0,0.0
aa kulkarni,AA Kulkarni,2.0,9.0,8.0,2.0,112.5,4.5,0.0,0.0,0.0,0.0,0.0,0.0,0.0,0.0
aa noffke,AA Noffke,1.0,9.0,10.0,1.0,90.0,9.0,1.0,24.0,40.0,1.0,10.0,24.0,0.0,0.0
ab agarkar,AB Agarkar,18.0,179.0,154.0,8.0,116.2338,22.375,42.0,782.0,1151.0,29.0,8.8312,26.9655,-0.2934,-0.2714
ab barath,AB Barath,3.0,42.0,42.0,2.0,100.0,21.0,0.0,0.0,0.0,0.0,0.0,0.0,0.0,0.0
ab de villiers,AB de Villiers,170.0,5181.0,3411.0,122.0,151.8909,42.4672,0.0,0.0,0.0,0.0,0.0,0.0,1.2609,0.0
ab dinda,AB Dinda,16.0,26.0,48.0,9.0,54.1667,2.8889,75.0,1516.0,2073.0,69.0,8.2045,21.971,0.0,0.431
ab mcdonald,AB McDonald,9.0,123.0,100.0,5.0,123.0,24.6,10.0,186.0,261.0,11.0,8.4194,16.9091,-0.0111,0.4617
abdul basith,Abdul Basith,1.0,1.0,1.0,0.0,100.0,1.0,0.0,0.0,0.0,0.0,0.0,0.0,0.0,0.0
abdul samad,Abdul Samad,51.0,743.0,490.0,38.0,151.6327,19.5526,6.0,56.0,119.0,2.0,12.75,28.0,0.8984,0.0
abdur razzak,Abdur Razzak,1.0,0.0,2.0,0.0,0.0,0.0,1.0,12.0,29.0,0.0,14.5,12.0,0.0,0.0
abhishek sharma,Abhishek Sharma,74.0,1816.0,1114.0,66.0,163.0162,27.5152,32.0,336.0,501.0,11.0,8.9464,30.5455,1.4556,-0.5072
abishek porel,Abishek Porel,29.0,661.0,441.0,26.0,149.8866,25.4231,0.0,0.0,0.0,0.0,0.0,0.0,0.9551,0.0
ac blizzard,AC Blizzard,7.0,120.0,90.0,7.0,133.3333,17.1429,0.0,0.0,0.0,0.0,0.0,0.0,0.192,0.0
ac gilchrist,AC Gilchrist,80.0,2069.0,1495.0,75.0,138.3946,27.5867,1.0,1.0,0.0,1.0,0.0,1.0,0.5856,0.0
ac thomas,AC Thomas,4.0,20.0,19.0,2.0,105.2632,10.0,15.0,315.0,406.0,14.0,7.7333,22.5,0.0,0.7874
ac voges,AC Voges,7.0,181.0,143.0,4.0,126.5734,45.25,7.0,54.0,76.0,0.0,8.4444,54.0,0.3943,0.0
ad hales,AD Hales,6.0,148.0,118.0,6.0,125.4237,24.6667,0.0,0.0,0.0,0.0,0.0,0.0,0.0759,0.0
ad mascarenhas,AD Mascarenhas,11.0,79.0,78.0,9.0,101.2821,8.7778,13.0,308.0,356.0,19.0,6.9351,16.2105,-1.2336,1.6792
ad mathews,AD Mathews,41.0,724.0,575.0,28.0,125.913,25.8571,44.0,791.0,1079.0,27.0,8.1846,29.2963,0.1146,0.1534
ad nath,AD Nath,10.0,90.0,98.0,10.0,91.8367,9.0,0.0,0.0,0.0,0.0,0.0,0.0,-1.5572,0.0
ad russell,AD Russell,114.0,2655.0,1525.0,90.0,174.0984,29.5,121.0,1806.0,2863.0,123.0,9.5116,14.6829,1.8795,-0.3245
af milne,AF Milne,6.0,23.0,29.0,4.0,79.3103,5.75,10.0,207.0,327.0,7.0,9.4783,29.5714,0.0,-0.8944
ag murtaza,AG Murtaza,3.0,10.0,14.0,1.0,71.4286,10.0,12.0,264.0,313.0,9.0,7.1136,29.3333,0.0,1.0102
ag paunikar,AG Paunikar,5.0,49.0,58.0,5.0,84.4828,9.8,0.0,0.0,0.0,0.0,0.0,0.0,0.0,0.0
aj finch,AJ Finch,90.0,2092.0,1635.0,82.0,127.9511,25.5122,5.0,43.0,67.0,1.0,9.3488,43.0,0.1806,0.0
aj hosein,AJ Hosein,1.0,16.0,10.0,0.0,160.0,16.0,1.0,24.0,40.0,1.0,10.0,24.0,0.0,0.0
aj turner,AJ Turner,6.0,24.0,28.0,5.0,85.7143,4.8,0.0,0.0,0.0,0.0,0.0,0.0,0.0,0.0
aj tye,AJ Tye,13.0,91.0,76.0,8.0,119.7368,11.375,30.0,684.0,979.0,42.0,8.5877,16.2857,-0.4695,0.3517
ak markram,AK Markram,55.0,1440.0,1066.0,46.0,135.0844,31.3043,19.0,187.0,274.0,6.0,8.7914,31.1667,0.5262,-0.4079
akash deep,Akash Deep,5.0,25.0,14.0,3.0,178.5714,8.3333,14.0,278.0,548.0,10.0,11.8273,27.8,0.0,-2.706
akash madhwal,Akash Madhwal,2.0,8.0,14.0,0.0,57.1429,8.0,17.0,352.0,590.0,23.0,10.0568,15.3043,0.0,-0.7863
akash singh,,0.0,0.0,0.0,0.0,0.0,0.0,10.0,205.0,326.0,9.0,9.5415,22.7778,0.0,-0.6728
al menaria,AL Menaria,23.0,401.0,356.0,21.0,112.6404,19.0952,12.0,110.0,144.0,3.0,7.8545,36.6667,-0.4919,0.1226
am nayar,AM Nayar,50.0,672.0,577.0,36.0,116.4645,18.6667,19.0,229.0,322.0,9.0,8.4367,25.4444,-0.3668,0.1057
am rahane,AM Rahane,183.0,5032.0,4025.0,160.0,125.0186,31.45,1.0,6.0,5.0,1.0,5.0,6.0,0.1722,0.0
am salvi,,0.0,0.0,0.0,0.0,0.0,0.0,7.0,150.0,200.0,7.0,8.0,21.4286,0.0,0.6166
aman hakim khan,Aman Hakim Khan,10.0,115.0,104.0,9.0,110.5769,12.7778,1.0,6.0,13.0,0.0,13.0,6.0,-0.743,0.0
an ahmed,AN Ahmed,6.0,36.0,26.0,1.0,138.4615,36.0,17.0,344.0,498.0,12.0,8.686,28.6667,0.0,-0.2232
an ghosh,AN Ghosh,2.0,7.0,8.0,2.0,87.5,3.5,0.0,0.0,0.0,0.0,0.0,0.0,0.0,0.0
anand rajan,,0.0,0.0,0.0,0.0,0.0,0.0,8.0,149.0,201.0,8.0,8.094,18.625,0.0,0.6537
aniket verma,Aniket Verma,12.0,236.0,142.0,9.0,166.1972,26.2222,0.0,0.0,0.0,0.0,0.0,0.0,1.5463,0.0
anirudh singh,Anirudh Singh,4.0,63.0,66.0,4.0,95.4545,15.75,0.0,0.0,0.0,0.0,0.0,0.0,-1.1859,0.0
ankit sharma,Ankit Sharma,10.0,87.0,67.0,7.0,129.8507,12.4286,21.0,367.0,450.0,12.0,7.3569,30.5833,-0.0731,0.7651
ankit soni,Ankit Soni,3.0,7.0,9.0,2.0,77.7778,3.5,6.0,109.0,144.0,2.0,7.9266,54.5,0.0,-0.6497
anmolpreet singh,Anmolpreet Singh,9.0,139.0,115.0,9.0,120.8696,15.4444,0.0,0.0,0.0,0.0,0.0,0.0,-0.2953,0.0
anuj rawat,Anuj Rawat,21.0,318.0,267.0,14.0,119.1011,22.7143,0.0,0.0,0.0,0.0,0.0,0.0,-0.1852,0.0
anureet singh,Anureet Singh,8.0,36.0,47.0,4.0,76.5957,9.0,22.0,412.0,623.0,18.0,9.0728,22.8889,0.0,-0.3017
ap dole,AP Dole,2.0,34.0,22.0,2.0,154.5455,17.0,3.0,66.0,112.0,5.0,10.1818,13.2,0.0,-0.8022
ap majumdar,AP Majumdar,4.0,87.0,76.0,4.0,114.4737,21.75,0.0,0.0,0.0,0.0,0.0,0.0,-0.3685,0.0
ap tare,AP Tare,27.0,339.0,273.0,24.0,124.1758,14.125,0.0,0.0,0.0,0.0,0.0,0.0,-0.2178,0.0
ar bawne,AR Bawne,1.0,12.0,12.0,0.0,100.0,12.0,0.0,0.0,0.0,0.0,0.0,0.0,0.0,0.0
ar patel,AR Patel,123.0,1916.0,1430.0,84.0,133.986,22.8095,160.0,3321.0,4077.0,128.0,7.3659,25.9453,0.3434,0.9439
arjun tendulkar,Arjun Tendulkar,1.0,13.0,9.0,1.0,144.4444,13.0,5.0,73.0,114.0,3.0,9.3699,24.3333,0.0,-0.5976
arshad khan,Arshad Khan,11.0,124.0,88.0,6.0,140.9091,20.6667,19.0,272.0,521.0,12.0,11.4926,22.6667,0.5438,-2.232
arshdeep singh,Arshdeep Singh,13.0,31.0,46.0,6.0,67.3913,5.1667,81.0,1714.0,2570.0,97.0,8.9965,17.6701,0.0,-0.0314
as joseph,AS Joseph,5.0,27.0,32.0,1.0,84.375,27.0,22.0,434.0,691.0,21.0,9.553,20.6667,0.0,-0.5974
as rajpoot,AS Rajpoot,7.0,26.0,41.0,4.0,63.4146,6.5,29.0,529.0,814.0,24.0,9.2325,22.0417,0.0,-0.3957
as raut,AS Raut,16.0,194.0,167.0,9.0,116.1677,21.5556,5.0,30.0,44.0,0.0,8.8,30.0,-0.3126,0.0
as roy,AS Roy,7.0,26.0,25.0,4.0,104.0,6.5,10.0,160.0,218.0,6.0,8.175,26.6667,0.0,0.2665
as yadav,AS Yadav,6.0,49.0,39.0,5.0,125.641,9.8,0.0,0.0,0.0,0.0,0.0,0.0,0.0,0.0
ashutosh sharma,Ashutosh Sharma,18.0,393.0,240.0,14.0,163.75,28.0714,0.0,0.0,0.0,0.0,0.0,0.0,1.4907,0.0
ashwani kumar,,0.0,0.0,0.0,0.0,0.0,0.0,7.0,123.0,232.0,11.0,11.3171,11.1818,0.0,-1.6311
at carey,AT Carey,3.0,32.0,29.0,2.0,110.3448,16.0,0.0,0.0,0.0,0.0,0.0,0.0,0.0,0.0
at rayudu,AT Rayudu,185.0,4348.0,3409.0,148.0,127.5447,29.3784,0.0,0.0,0.0,0.0,0.0,0.0,0.2304,0.0
atharva taide,Atharva Taide,10.0,260.0,177.0,9.0,146.8927,28.8889,1.0,1.0,4.0,0.0,24.0,1.0,0.9073,0.0
au rashid,AU Rashid,2.0,22.0,16.0,2.0,137.5,11.0,3.0,60.0,91.0,2.0,9.1,30.0,0.0,-0.6084
auk pathan,AUK Pathan,7.0,39.0,23.0,5.0,169.5652,7.8,3.0,39.0,63.0,0.0,9.6923,39.0,0.0,0.0
avesh khan,Avesh Khan,13.0,62.0,37.0,2.0,167.5676,31.0,75.0,1619.0,2461.0,87.0,9.1204,18.6092,0.0,-0.1683
azhar mahmood,Azhar Mahmood,21.0,388.0,303.0,19.0,128.0528,20.4211,23.0,537.0,700.0,29.0,7.8212,18.5172,0.0836,0.8766
azmatullah omarzai,Azmatullah Omarzai,9.0,99.0,74.0,8.0,133.7838,12.375,15.0,288.0,465.0,12.0,9.6875,24.0,0.0641,-0.8388
b akhil,B Akhil,11.0,76.0,55.0,5.0,138.1818,15.2,13.0,188.0,242.0,6.0,7.7234,31.3333,0.0,0.4414
b chipli,B Chipli,21.0,280.0,251.0,15.0,111.5538,18.6667,1.0,6.0,20.0,0.0,20.0,6.0,-0.5405,0.0
b geeves,,0.0,0.0,0.0,0.0,0.0,0.0,2.0,48.0,91.0,1.0,11.375,48.0,0.0,0.0
b indrajith,B Indrajith,3.0,21.0,30.0,3.0,70.0,7.0,0.0,0.0,0.0,0.0,0.0,0.0,0.0,0.0
b kumar,B Kumar,71.0,320.0,351.0,35.0,91.1681,9.1429,190.0,4222.0,5412.0,198.0,7.6911,21.3232,-1.5742,0.8684
b laughlin,B Laughlin,4.0,5.0,13.0,2.0,38.4615,2.5,9.0,168.0,282.0,10.0,10.0714,16.8,0.0,-0.858
b lee,B Lee,19.0,124.0,97.0,9.0,127.8351,13.7778,38.0,875.0,1095.0,25.0,7.5086,35.0,-0.0993,0.4667
b sai sudharsan,B Sai Sudharsan,40.0,1793.0,1229.0,35.0,145.891,51.2286,0.0,0.0,0.0,0.0,0.0,0.0,1.1352,0.0
b stanlake,B Stanlake,1.0,5.0,2.0,0.0,250.0,5.0,6.0,144.0,200.0,7.0,8.3333,20.5714,0.0,0.3838
b sumanth,B Sumanth,4.0,35.0,37.0,1.0,94.5946,35.0,0.0,0.0,0.0,0.0,0.0,0.0,0.0,0.0
ba bhatt,BA Bhatt,2.0,6.0,7.0,0.0,85.7143,6.0,15.0,296.0,397.0,12.0,8.0473,24.6667,0.0,0.449
ba stokes,BA Stokes,43.0,935.0,698.0,38.0,133.9542,24.6053,38.0,689.0,992.0,28.0,8.6386,24.6071,0.3765,-0.0225
basil thampi,Basil Thampi,7.0,32.0,35.0,1.0,91.4286,32.0,25.0,521.0,846.0,22.0,9.7428,23.6818,0.0,-0.8704
baw mendis,BAW Mendis,3.0,3.0,6.0,2.0,50.0,1.5,10.0,244.0,303.0,8.0,7.4508,30.5,0.0,0.6933
bb mccullum,BB McCullum,109.0,2882.0,2190.0,102.0,131.5982,28.2549,0.0,0.0,0.0,0.0,0.0,0.0,0.3561,0.0
bb samantray,BB Samantray,8.0,125.0,113.0,5.0,110.6195,25.0,0.0,0.0,0.0,0.0,0.0,0.0,-0.4419,0.0
bb sran,BB Sran,7.0,10.0,14.0,1.0,71.4286,10.0,24.0,483.0,757.0,18.0,9.4037,26.8333,0.0,-0.7249
bcj cutting,BCJ Cutting,17.0,238.0,141.0,10.0,168.7943,23.8,17.0,281.0,429.0,10.0,9.1601,28.1,1.5942,-0.5805
be hendricks,BE Hendricks,2.0,1.0,3.0,1.0,33.3333,1.0,7.0,150.0,235.0,9.0,9.4,16.6667,0.0,-0.3145
bipul sharma,Bipul Sharma,17.0,187.0,123.0,6.0,152.0325,31.1667,28.0,426.0,572.0,17.0,8.0563,25.0588,1.1238,0.426
bj haddin,BJ Haddin,1.0,18.0,11.0,1.0,163.6364,18.0,0.0,0.0,0.0,0.0,0.0,0.0,0.0,0.0
bj hodge,BJ Hodge,63.0,1400.0,1118.0,41.0,125.2236,34.1463,20.0,234.0,303.0,17.0,7.7692,13.7647,0.2171,1.1087
bj rohrer,BJ Rohrer,8.0,193.0,141.0,7.0,136.8794,27.5714,1.0,6.0,12.0,0.0,12.0,6.0,0.5318,0.0
bkg mendis,BKG Mendis,1.0,20.0,10.0,1.0,200.0,20.0,0.0,0.0,0.0,0.0,0.0,0.0,0.0,0.0
bmaj mendis,BMAJ Mendis,3.0,23.0,27.0,3.0,85.1852,7.6667,2.0,30.0,36.0,1.0,7.2,30.0,0.0,0.0
br dunk,BR Dunk,3.0,40.0,35.0,3.0,114.2857,13.3333,0.0,0.0,0.0,0.0,0.0,0.0,0.0,0.0
br sharath,BR Sharath,1.0,2.0,5.0,1.0,40.0,2.0,0.0,0.0,0.0,0.0,0.0,0.0,0.0,0.0
bw hilfenhaus,,0.0,0.0,0.0,0.0,0.0,0.0,17.0,372.0,479.0,22.0,7.7258,16.9091,0.0,1.0175
c bosch,C Bosch,2.0,47.0,32.0,2.0,146.875,23.5,2.0,42.0,55.0,1.0,7.8571,42.0,0.0,0.0
c de grandhomme,C de Grandhomme,21.0,303.0,225.0,14.0,134.6667,21.6429,19.0,216.0,319.0,6.0,8.8611,36.0,0.3438,-0.6574
c ganapathy,,0.0,0.0,0.0,0.0,0.0,0.0,1.0,6.0,13.0,0.0,13.0,6.0,0.0,0.0
c green,C Green,28.0,707.0,460.0,17.0,153.6957,41.5882,29.0,439.0,664.0,16.0,9.0752,27.4375,1.3151,-0.4858
c madan,C Madan,1.0,15.0,19.0,1.0,78.9474,15.0,0.0,0.0,0.0,0.0,0.0,0.0,0.0,0.0
c munro,C Munro,11.0,177.0,141.0,9.0,125.5319,19.6667,2.0,12.0,15.0,0.0,7.5,12.0,-0.0225,0.0
c nanda,C Nanda,1.0,0.0,1.0,1.0,0.0,0.0,3.0,48.0,57.0,2.0,7.125,24.0,0.0,0.0
c sakariya,C Sakariya,7.0,20.0,31.0,5.0,64.5161,4.0,20.0,444.0,638.0,20.0,8.6216,22.2,0.0,0.0875
ca ingram,CA Ingram,15.0,205.0,180.0,12.0,113.8889,17.0833,0.0,0.0,0.0,0.0,0.0,0.0,-0.4975,0.0
ca lynn,CA Lynn,42.0,1329.0,945.0,38.0,140.6349,34.9737,0.0,0.0,0.0,0.0,0.0,0.0,0.7733,0.0
ca pujara,CA Pujara,22.0,390.0,391.0,18.0,99.7442,21.6667,0.0,0.0,0.0,0.0,0.0,0.0,-0.8914,0.0
ch gayle,CH Gayle,141.0,4997.0,3346.0,125.0,149.3425,39.976,38.0,554.0,729.0,18.0,7.8953,30.7778,1.1429,0.3259
ch morris,CH Morris,49.0,618.0,398.0,28.0,155.2764,22.0714,81.0,1726.0,2309.0,96.0,8.0267,17.9792,1.0818,0.7335
cj anderson,CJ Anderson,29.0,538.0,423.0,22.0,127.1868,24.4545,22.0,297.0,518.0,11.0,10.4646,27.0,0.1343,-1.5818
cj dala,,0.0,0.0,0.0,0.0,0.0,0.0,1.0,18.0,34.0,0.0,11.3333,18.0,0.0,0.0
cj ferguson,CJ Ferguson,8.0,98.0,117.0,6.0,83.7607,16.3333,0.0,0.0,0.0,0.0,0.0,0.0,-1.5835,0.0
cj green,,0.0,0.0,0.0,0.0,0.0,0.0,1.0,17.0,24.0,0.0,8.4706,17.0,0.0,0.0
cj jordan,CJ Jordan,12.0,81.0,77.0,9.0,105.1948,9.0,34.0,674.0,1081.0,30.0,9.6231,22.4667,-1.0846,-0.7258
cj mckay,CJ McKay,1.0,8.0,15.0,1.0,53.3333,8.0,2.0,42.0,60.0,1.0,8.5714,42.0,0.0,0.0
ck kapugedera,CK Kapugedera,3.0,16.0,23.0,3.0,69.5652,5.3333,3.0,17.0,49.0,0.0,17.2941,17.0,0.0,0.0
ck langeveldt,CK Langeveldt,2.0,8.0,9.0,2.0,88.8889,4.0,7.0,156.0,187.0,13.0,7.1923,12.0,0.0,1.6417
cl white,CL White,45.0,971.0,760.0,34.0,127.7632,28.5588,6.0,42.0,86.0,1.0,12.2857,42.0,0.2252,0.0
cm gautam,CM Gautam,13.0,169.0,150.0,9.0,112.6667,18.7778,0.0,0.0,0.0,0.0,0.0,0.0,-0.4985,0.0
cr brathwaite,CR Brathwaite,14.0,181.0,111.0,13.0,163.0631,13.9231,16.0,254.0,379.0,13.0,8.9528,19.5385,1.1518,-0.0712
cr woakes,CR Woakes,12.0,78.0,77.0,5.0,101.2987,15.6,21.0,440.0,658.0,30.0,8.9727,14.6667,-0.9833,0.108
crd fernando,CRD Fernando,2.0,4.0,3.0,0.0,133.3333,4.0,10.0,234.0,298.0,17.0,7.641,13.7647,0.0,1.2114
cv varun,CV Varun,11.0,26.0,47.0,2.0,55.3191,13.0,83.0,1888.0,2385.0,100.0,7.5794,18.88,0.0,1.0558
d brevis,D Brevis,16.0,455.0,297.0,16.0,153.1987,28.4375,1.0,3.0,8.0,1.0,16.0,3.0,1.1233,0.0
d du preez,D du Preez,1.0,10.0,13.0,1.0,76.9231,10.0,2.0,42.0,56.0,4.0,8.0,10.5,0.0,0.0
d ferreira,D Ferreira,3.0,9.0,14.0,3.0,64.2857,3.0,0.0,0.0,0.0,0.0,0.0,0.0,0.0,0.0
d jansen,,0.0,0.0,0.0,0.0,0.0,0.0,1.0,24.0,53.0,1.0,13.25,24.0,0.0,0.0
d kalyankrishna,D Kalyankrishna,1.0,3.0,8.0,1.0,37.5,3.0,3.0,48.0,87.0,2.0,10.875,24.0,0.0,0.0
d padikkal,D Padikkal,74.0,1806.0,1430.0,70.0,126.2937,25.8,0.0,0.0,0.0,0.0,0.0,0.0,0.127,0.0
d pretorius,D Pretorius,5.0,44.0,28.0,4.0,157.1429,11.0,7.0,150.0,238.0,6.0,9.52,25.0,0.0,-0.7446
d salunkhe,D Salunkhe,3.0,33.0,24.0,1.0,137.5,33.0,5.0,47.0,78.0,1.0,9.9574,47.0,0.0,0.0
d wiese,D Wiese,11.0,148.0,101.0,5.0,146.5347,29.6,15.0,296.0,440.0,16.0,8.9189,18.5,0.9058,-0.0025
da miller,DA Miller,133.0,3077.0,2221.0,84.0,138.5412,36.631,0.0,0.0,0.0,0.0,0.0,0.0,0.7205,0.0
da warner,DA Warner,184.0,6567.0,4702.0,158.0,139.664,41.5633,1.0,1.0,2.0,0.0,12.0,1.0,0.8183,0.0
daj bracewell,DAJ Bracewell,1.0,12.0,9.0,0.0,133.3333,12.0,1.0,24.0,32.0,3.0,8.0,8.0,0.0,0.0
db das,DB Das,22.0,304.0,261.0,12.0,116.4751,25.3333,0.0,0.0,0.0,0.0,0.0,0.0,-0.2287,0.0
db ravi teja,DB Ravi Teja,25.0,375.0,317.0,19.0,118.2965,19.7368,2.0,18.0,28.0,1.0,9.3333,18.0,-0.2769,0.0
de bollinger,DE Bollinger,4.0,21.0,23.0,1.0,91.3043,21.0,27.0,576.0,693.0,37.0,7.2188,15.5676,0.0,1.4776
dg nalkande,DG Nalkande,2.0,12.0,12.0,2.0,100.0,6.0,6.0,84.0,148.0,6.0,10.5714,14.0,0.0,-1.1465
dh yagnik,DH Yagnik,17.0,170.0,137.0,9.0,124.0876,18.8889,0.0,0.0,0.0,0.0,0.0,0.0,-0.0917,0.0
dhruv jurel,Dhruv Jurel,35.0,680.0,442.0,22.0,153.8462,30.9091,0.0,0.0,0.0,0.0,0.0,0.0,1.1842,0.0
dj bravo,DJ Bravo,110.0,1560.0,1204.0,68.0,129.5681,22.9412,158.0,3120.0,4360.0,183.0,8.3846,17.0492,0.1897,0.4839
dj harris,DJ Harris,4.0,111.0,101.0,3.0,109.901,37.0,2.0,18.0,26.0,0.0,8.6667,18.0,-0.2883,0.0
dj hooda,DJ Hooda,101.0,1497.0,1173.0,79.0,127.6215,18.9494,34.0,379.0,546.0,10.0,8.6438,37.9,0.0347,-0.5593
dj hussey,DJ Hussey,61.0,1322.0,1075.0,46.0,122.9767,28.7391,26.0,317.0,474.0,8.0,8.9716,39.625,0.0587,-0.8912
dj jacobs,DJ Jacobs,7.0,92.0,98.0,7.0,93.8776,13.1429,0.0,0.0,0.0,0.0,0.0,0.0,-1.3215,0.0
dj malan,DJ Malan,1.0,26.0,26.0,1.0,100.0,26.0,0.0,0.0,0.0,0.0,0.0,0.0,0.0,0.0
dj mitchell,DJ Mitchell,15.0,351.0,267.0,13.0,131.4607,27.0,4.0,48.0,97.0,1.0,12.125,48.0,0.3305,0.0
dj muthuswami,DJ Muthuswami,1.0,1.0,3.0,1.0,33.3333,1.0,6.0,84.0,101.0,4.0,7.2143,21.0,0.0,1.2635
dj thornely,DJ Thornely,4.0,39.0,53.0,3.0,73.5849,13.0,4.0,42.0,40.0,3.0,5.7143,14.0,0.0,0.0
dj willey,DJ Willey,5.0,53.0,62.0,2.0,85.4839,26.5,11.0,216.0,272.0,6.0,7.5556,36.0,-1.3048,0.3889
djg sammy,DJG Sammy,20.0,295.0,241.0,15.0,122.4066,19.6667,19.0,236.0,350.0,11.0,8.8983,21.4545,-0.1331,-0.1043
djm short,DJM Short,7.0,115.0,99.0,7.0,116.1616,16.4286,2.0,18.0,19.0,1.0,6.3333,18.0,-0.4345,0.0
dl chahar,DL Chahar,16.0,117.0,84.0,8.0,139.2857,14.625,95.0,1915.0,2597.0,88.0,8.1368,21.7614,0.3322,0.4937
dl vettori,DL Vettori,16.0,121.0,113.0,7.0,107.0796,17.2857,34.0,777.0,879.0,28.0,6.7876,27.75,-0.7332,1.3349
dm bravo,DM Bravo,1.0,6.0,5.0,0.0,120.0,6.0,0.0,0.0,0.0,0.0,0.0,0.0,0.0,0.0
dnt zoysa,DNT Zoysa,2.0,11.0,9.0,1.0,122.2222,11.0,3.0,66.0,99.0,2.0,9.0,33.0,0.0,-0.6485
dp conway,DP Conway,28.0,1080.0,773.0,24.0,139.7154,45.0,0.0,0.0,0.0,0.0,0.0,0.0,0.8568,0.0
dp nannes,DP Nannes,2.0,4.0,13.0,1.0,30.7692,4.0,29.0,646.0,785.0,28.0,7.291,23.0714,0.0,1.119
dp vijaykumar,DP Vijaykumar,1.0,1.0,1.0,0.0,100.0,1.0,9.0,152.0,199.0,4.0,7.8553,38.0,0.0,0.0686
dpmd jayawardene,DPMD Jayawardene,78.0,1808.0,1464.0,59.0,123.4973,30.6441,0.0,0.0,0.0,0.0,0.0,0.0,0.1065,0.0
dr martyn,DR Martyn,1.0,19.0,24.0,1.0,79.1667,19.0,0.0,0.0,0.0,0.0,0.0,0.0,0.0,0.0
dr sams,DR Sams,13.0,44.0,44.0,9.0,100.0,4.8889,16.0,360.0,523.0,14.0,8.7167,25.7143,0.0,-0.1294
dr shorey,DR Shorey,2.0,13.0,17.0,2.0,76.4706,6.5,0.0,0.0,0.0,0.0,0.0,0.0,0.0,0.0
dr smith,DR Smith,88.0,2385.0,1764.0,80.0,135.2041,29.8125,46.0,539.0,810.0,26.0,9.0167,20.7308,0.5081,-0.1702
ds kulkarni,DS Kulkarni,20.0,104.0,108.0,8.0,96.2963,13.0,92.0,1787.0,2474.0,86.0,8.3067,20.7791,-1.2407,0.3969
ds lehmann,DS Lehmann,2.0,18.0,18.0,2.0,100.0,9.0,0.0,0.0,0.0,0.0,0.0,0.0,0.0,0.0
ds rathi,DS Rathi,1.0,1.0,3.0,1.0,33.3333,1.0,13.0,312.0,429.0,14.0,8.25,22.2857,0.0,0.3819
dt christian,DT Christian,41.0,460.0,398.0,27.0,115.5779,17.037,49.0,883.0,1192.0,38.0,8.0997,23.2368,-0.4389,0.4643
dt patil,DT Patil,2.0,13.0,13.0,1.0,100.0,13.0,0.0,0.0,0.0,0.0,0.0,0.0,0.0,0.0
dw steyn,DW Steyn,33.0,167.0,160.0,20.0,104.375,8.35,95.0,2182.0,2523.0,97.0,6.9377,22.4948,-1.1453,1.4253
e lewis,E Lewis,26.0,654.0,477.0,24.0,137.1069,27.25,0.0,0.0,0.0,0.0,0.0,0.0,0.5345,0.0
e malinga,,0.0,0.0,0.0,0.0,0.0,0.0,7.0,160.0,238.0,13.0,8.925,12.3077,0.0,0.2408
ejg morgan,EJG Morgan,74.0,1406.0,1148.0,59.0,122.4739,23.8305,0.0,0.0,0.0,0.0,0.0,0.0,-0.0441,0.0
er dwivedi,ER Dwivedi,2.0,24.0,14.0,2.0,171.4286,12.0,0.0,0.0,0.0,0.0,0.0,0.0,0.0,0.0
f behardien,F Behardien,3.0,14.0,13.0,2.0,107.6923,7.0,0.0,0.0,0.0,0.0,0.0,0.0,0.0,0.0
f du plessis,F du Plessis,147.0,4773.0,3515.0,128.0,135.7895,37.2891,1.0,6.0,16.0,0.0,16.0,6.0,0.6313,0.0
fa allen,FA Allen,3.0,14.0,19.0,2.0,73.6842,7.0,4.0,90.0,136.0,2.0,9.0667,45.0,0.0,-1.1827
fazalhaq farooqi,Fazalhaq Farooqi,3.0,5.0,15.0,0.0,33.3333,5.0,12.0,254.0,437.0,6.0,10.3228,42.3333,0.0,-2.0826
fh edwards,FH Edwards,2.0,4.0,5.0,1.0,80.0,4.0,6.0,140.0,154.0,5.0,6.6,28.0,0.0,1.4753
fy fazal,FY Fazal,11.0,183.0,173.0,9.0,105.7803,20.3333,2.0,12.0,20.0,0.0,10.0,12.0,-0.7064,0.0
g coetzee,G Coetzee,7.0,31.0,33.0,6.0,93.9394,5.1667,14.0,273.0,472.0,15.0,10.3736,18.2,0.0,-1.1563
g gambhir,G Gambhir,151.0,4217.0,3404.0,128.0,123.8837,32.9453,0.0,0.0,0.0,0.0,0.0,0.0,0.1532,0.0
gagandeep singh,,0.0,0.0,0.0,0.0,0.0,0.0,4.0,84.0,141.0,3.0,10.0714,28.0,0.0,-1.3068
gb hogg,GB Hogg,4.0,22.0,22.0,2.0,100.0,11.0,21.0,458.0,570.0,23.0,7.4672,19.913,0.0,1.1043
gc smith,GC Smith,29.0,739.0,668.0,26.0,110.6287,28.4231,0.0,0.0,0.0,0.0,0.0,0.0,-0.3832,0.0
gc viljoen,GC Viljoen,3.0,3.0,7.0,2.0,42.8571,1.5,6.0,138.0,222.0,7.0,9.6522,19.7143,0.0,-0.6388
gd mcgrath,GD McGrath,2.0,4.0,5.0,1.0,80.0,4.0,14.0,324.0,357.0,12.0,6.6111,27.0,0.0,1.5065
gd phillips,GD Phillips,8.0,65.0,55.0,7.0,118.1818,9.2857,4.0,30.0,40.0,2.0,8.0,15.0,0.0,0.0
gh vihari,GH Vihari,23.0,284.0,321.0,19.0,88.4735,14.9474,6.0,42.0,47.0,1.0,6.7143,42.0,-1.4561,0.0
ghs garton,GHS Garton,2.0,2.0,4.0,1.0,50.0,2.0,5.0,90.0,135.0,3.0,9.0,30.0,0.0,-0.5282
gj bailey,GJ Bailey,36.0,663.0,544.0,26.0,121.875,25.5,0.0,0.0,0.0,0.0,0.0,0.0,-0.0346,0.0
gj maxwell,GJ Maxwell,134.0,2820.0,1818.0,114.0,155.1155,24.7368,85.0,1022.0,1413.0,41.0,8.2955,24.9268,1.1277,0.2396
gr napier,GR Napier,1.0,15.0,16.0,1.0,93.75,15.0,1.0,24.0,27.0,1.0,6.75,24.0,0.0,0.0
gs sandhu,,0.0,0.0,0.0,0.0,0.0,0.0,2.0,48.0,82.0,1.0,10.25,48.0,0.0,0.0
gulbadin naib,Gulbadin Naib,1.0,19.0,15.0,1.0,126.6667,19.0,1.0,6.0,12.0,0.0,12.0,6.0,0.0,0.0
gurkeerat singh,Gurkeerat Singh,32.0,511.0,422.0,24.0,121.09,21.2917,6.0,78.0,97.0,5.0,7.4615,15.6,-0.144,1.2817
gurnoor brar,,0.0,0.0,0.0,0.0,0.0,0.0,1.0,18.0,42.0,0.0,14.0,18.0,0.0,0.0
h das,H Das,1.0,2.0,5.0,1.0,40.0,2.0,0.0,0.0,0.0,0.0,0.0,0.0,0.0,0.0
h klaasen,H Klaasen,45.0,1480.0,872.0,36.0,169.7248,41.1111,0.0,0.0,0.0,0.0,0.0,0.0,1.8769,0.0
h sharma,,0.0,0.0,0.0,0.0,0.0,0.0,2.0,30.0,57.0,0.0,11.4,30.0,0.0,0.0
harbhajan singh,Harbhajan Singh,88.0,833.0,604.0,51.0,137.9139,16.3333,160.0,3416.0,4030.0,150.0,7.0785,22.7733,0.3326,1.3013
harmeet singh,Harmeet Singh,4.0,18.0,12.0,2.0,150.0,9.0,28.0,549.0,731.0,27.0,7.9891,20.3333,0.0,0.6693
harpreet brar,Harpreet Brar,26.0,244.0,203.0,12.0,120.197,20.3333,46.0,811.0,1085.0,35.0,8.0271,23.1714,-0.1963,0.5251
harpreet singh,Harpreet Singh,8.0,123.0,119.0,6.0,103.3613,20.5,0.0,0.0,0.0,0.0,0.0,0.0,-0.7883,0.0
harsh dubey,,0.0,0.0,0.0,0.0,0.0,0.0,3.0,60.0,98.0,5.0,9.8,12.0,0.0,-0.4481
harshit rana,Harshit Rana,10.0,59.0,56.0,6.0,105.3571,9.8333,32.0,649.0,1029.0,40.0,9.5131,16.225,0.0,-0.3875
hc brook,HC Brook,11.0,190.0,154.0,9.0,123.3766,21.1111,0.0,0.0,0.0,0.0,0.0,0.0,-0.0669,0.0
he van der dussen,HE van der Dussen,3.0,22.0,24.0,2.0,91.6667,11.0,0.0,0.0,0.0,0.0,0.0,0.0,0.0,0.0
hf gurney,HF Gurney,1.0,1.0,5.0,0.0,20.0,1.0,8.0,162.0,238.0,7.0,8.8148,23.1429,0.0,-0.1051
hh gibbs,HH Gibbs,36.0,886.0,807.0,31.0,109.7893,28.5806,0.0,0.0,0.0,0.0,0.0,0.0,-0.4104,0.0
hh pandya,HH Pandya,140.0,2758.0,1876.0,95.0,147.0149,29.0316,107.0,1628.0,2492.0,78.0,9.1843,20.8718,0.9139,-0.3102
hm amla,HM Amla,16.0,577.0,407.0,13.0,141.769,44.3846,0.0,0.0,0.0,0.0,0.0,0.0,0.9231,0.0
hr shokeen,HR Shokeen,5.0,66.0,65.0,3.0,101.5385,22.0,13.0,204.0,314.0,5.0,9.2353,40.8,-0.821,-1.1496
hv patel,HV Patel,41.0,270.0,229.0,26.0,117.9039,10.3846,116.0,2424.0,3579.0,151.0,8.8589,16.053,-0.5737,0.1437
i malhotra,I Malhotra,1.0,7.0,4.0,0.0,175.0,7.0,1.0,6.0,23.0,0.0,23.0,6.0,0.0,0.0
i sharma,I Sharma,21.0,57.0,69.0,6.0,82.6087,9.5,117.0,2419.0,3377.0,96.0,8.3762,25.1979,-1.8607,0.1641
i udana,I Udana,4.0,15.0,11.0,3.0,136.3636,5.0,10.0,174.0,282.0,8.0,9.7241,21.75,0.0,-0.778
ic pandey,IC Pandey,1.0,0.0,2.0,1.0,0.0,0.0,24.0,462.0,591.0,18.0,7.6753,25.6667,0.0,0.707
ic porel,,0.0,0.0,0.0,0.0,0.0,0.0,1.0,24.0,39.0,1.0,9.75,24.0,0.0,0.0
ik pathan,IK Pathan,82.0,1150.0,950.0,49.0,121.0526,23.4694,101.0,2043.0,2649.0,80.0,7.7797,25.5375,-0.1013,0.6285
imran tahir,Imran Tahir,8.0,33.0,37.0,4.0,89.1892,8.25,59.0,1316.0,1703.0,82.0,7.7644,16.0488,0.0,1.021
iqbal abdulla,Iqbal Abdulla,13.0,88.0,84.0,1.0,104.7619,88.0,48.0,920.0,1109.0,40.0,7.2326,23.0,-0.0686,1.1687
ir jaggi,IR Jaggi,7.0,76.0,97.0,5.0,78.3505,15.2,0.0,0.0,0.0,0.0,0.0,0.0,-1.8068,0.0
is sodhi,IS Sodhi,2.0,7.0,17.0,2.0,41.1765,3.5,8.0,181.0,202.0,9.0,6.6961,20.1111,0.0,1.7144
ishan kishan,Ishan Kishan,112.0,2998.0,2178.0,101.0,137.6492,29.6832,1.0,1.0,4.0,0.0,24.0,1.0,0.5926,0.0
j arunkumar,J Arunkumar,3.0,23.0,23.0,3.0,100.0,7.6667,0.0,0.0,0.0,0.0,0.0,0.0,0.0,0.0
j botha,J Botha,28.0,409.0,359.0,20.0,113.9276,20.45,34.0,694.0,800.0,25.0,6.9164,27.76,-0.4156,1.2313
j fraser mcgurk,J Fraser-McGurk,15.0,385.0,193.0,14.0,199.4819,27.5,0.0,0.0,0.0,0.0,0.0,0.0,2.7456,0.0
j little,,0.0,0.0,0.0,0.0,0.0,0.0,11.0,228.0,339.0,11.0,8.9211,20.7273,0.0,-0.0934
j overton,J Overton,2.0,15.0,7.0,0.0,214.2857,15.0,3.0,36.0,83.0,0.0,13.8333,36.0,0.0,0.0
j suchith,J Suchith,9.0,70.0,61.0,4.0,114.7541,17.5,21.0,420.0,602.0,19.0,8.6,22.1053,-0.4561,0.1087
j syed mohammad,J Syed Mohammad,5.0,29.0,26.0,2.0,111.5385,14.5,11.0,192.0,283.0,8.0,8.8438,24.0,0.0,-0.1626
j theron,J Theron,4.0,10.0,12.0,2.0,83.3333,5.0,10.0,221.0,302.0,11.0,8.1991,20.0909,0.0,0.5107
j yadav,J Yadav,4.0,40.0,36.0,2.0,111.1111,20.0,20.0,390.0,445.0,8.0,6.8462,48.75,0.0,0.4466
ja morkel,JA Morkel,67.0,975.0,687.0,38.0,141.9214,25.6579,87.0,1723.0,2359.0,85.0,8.2147,20.2706,0.6775,0.4909
ja richardson,JA Richardson,3.0,17.0,26.0,3.0,65.3846,5.6667,4.0,90.0,157.0,3.0,10.4667,30.0,0.0,-1.7037
jalaj s saxena,,0.0,0.0,0.0,0.0,0.0,0.0,1.0,18.0,27.0,0.0,9.0,18.0,0.0,0.0
jaskaran singh,Jaskaran Singh,4.0,8.0,11.0,1.0,72.7273,8.0,7.0,102.0,171.0,6.0,10.0588,17.0,0.0,-0.8559
jc archer,JC Archer,30.0,262.0,178.0,18.0,147.191,14.5556,52.0,1218.0,1602.0,59.0,7.8916,20.6441,0.6098,0.7349
jc buttler,JC Buttler,119.0,4121.0,2760.0,101.0,149.3116,40.802,0.0,0.0,0.0,0.0,0.0,0.0,1.1512,0.0
jd ryder,JD Ryder,29.0,604.0,458.0,27.0,131.8777,22.3704,16.0,236.0,303.0,8.0,7.7034,29.5,0.26,0.5309
jd unadkat,JD Unadkat,27.0,197.0,166.0,13.0,118.6747,15.1538,111.0,2274.0,3364.0,110.0,8.876,20.6727,-0.3814,-0.0551
jdp oram,JDP Oram,11.0,106.0,108.0,8.0,98.1481,13.25,14.0,237.0,349.0,9.0,8.8354,26.3333,-1.1668,-0.2494
jds neesham,JDS Neesham,10.0,92.0,93.0,8.0,98.9247,11.5,13.0,216.0,334.0,8.0,9.2778,27.0,-1.2012,-0.6307
je root,JE Root,1.0,10.0,15.0,1.0,66.6667,10.0,1.0,12.0,14.0,0.0,7.0,12.0,0.0,0.0
je taylor,JE Taylor,2.0,3.0,3.0,0.0,100.0,3.0,5.0,117.0,157.0,6.0,8.0513,19.5,0.0,0.6528
jec franklin,JEC Franklin,16.0,327.0,301.0,11.0,108.6379,29.7273,15.0,151.0,220.0,9.0,8.7417,16.7778,-0.4332,0.2086
jg bethell,JG Bethell,2.0,67.0,39.0,2.0,171.7949,33.5,0.0,0.0,0.0,0.0,0.0,0.0,0.0,0.0
jh kallis,JH Kallis,95.0,2427.0,2222.0,83.0,109.2259,29.241,89.0,1742.0,2293.0,65.0,7.8978,26.8,-0.4199,0.4833
jj bumrah,JJ Bumrah,27.0,68.0,79.0,6.0,86.0759,11.3333,145.0,3359.0,4059.0,186.0,7.2504,18.0591,-1.6621,1.3524
jj roy,JJ Roy,21.0,614.0,443.0,19.0,138.6005,32.3158,0.0,0.0,0.0,0.0,0.0,0.0,0.6651,0.0
jj van der wath,JJ van der Wath,3.0,18.0,16.0,2.0,112.5,9.0,3.0,72.0,129.0,3.0,10.75,24.0,0.0,-1.6903
jl denly,JL Denly,1.0,0.0,1.0,1.0,0.0,0.0,0.0,0.0,0.0,0.0,0.0,0.0,0.0,0.0
jl pattinson,JL Pattinson,2.0,15.0,13.0,1.0,115.3846,15.0,10.0,213.0,320.0,11.0,9.0141,19.3636,0.0,-0.1133
jm bairstow,JM Bairstow,52.0,1674.0,1146.0,47.0,146.0733,35.617,0.0,0.0,0.0,0.0,0.0,0.0,0.9741,0.0
jm kemp,JM Kemp,2.0,26.0,24.0,2.0,108.3333,13.0,5.0,44.0,54.0,3.0,7.3636,14.6667,0.0,0.0
jm sharma,JM Sharma,47.0,991.0,631.0,39.0,157.0523,25.4103,0.0,0.0,0.0,0.0,0.0,0.0,1.2084,0.0
jo holder,JO Holder,27.0,259.0,211.0,21.0,122.7488,12.3333,46.0,995.0,1461.0,53.0,8.8101,18.7736,-0.3278,0.0738
joginder sharma,Joginder Sharma,5.0,36.0,30.0,4.0,120.0,9.0,15.0,256.0,419.0,12.0,9.8203,21.3333,0.0,-0.8384
jp behrendorff,JP Behrendorff,2.0,6.0,9.0,0.0,66.6667,6.0,17.0,366.0,552.0,19.0,9.0492,19.2632,0.0,-0.1374
jp duminy,JP Duminy,75.0,2029.0,1636.0,48.0,124.022,42.2708,49.0,678.0,834.0,23.0,7.3805,29.4783,0.2727,0.7905
jp faulkner,JP Faulkner,45.0,527.0,390.0,26.0,135.1282,20.2692,60.0,1238.0,1799.0,61.0,8.7189,20.2951,0.3306,0.0859
jp inglis,JP Inglis,11.0,278.0,171.0,9.0,162.5731,30.8889,0.0,0.0,0.0,0.0,0.0,0.0,1.4927,0.0
jpr scantlebury searles,JPR Scantlebury-Searles,2.0,8.0,6.0,1.0,133.3333,8.0,3.0,42.0,89.0,2.0,12.7143,21.0,0.0,0.0
jr hazlewood,JR Hazlewood,7.0,19.0,29.0,0.0,65.5172,19.0,39.0,867.0,1196.0,57.0,8.2768,15.2105,0.0,0.6439
jr hopes,JR Hopes,19.0,417.0,306.0,16.0,136.2745,26.0625,20.0,360.0,548.0,14.0,9.1333,25.7143,0.4848,-0.4634
jr philippe,JR Philippe,5.0,78.0,77.0,4.0,101.2987,19.5,0.0,0.0,0.0,0.0,0.0,0.0,-0.8838,0.0
jw hastings,,0.0,0.0,0.0,0.0,0.0,0.0,3.0,58.0,66.0,3.0,6.8276,19.3333,0.0,0.0
k goel,K Goel,16.0,218.0,231.0,13.0,94.3723,16.7692,6.0,66.0,93.0,0.0,8.4545,66.0,-1.1963,-1.5337
k gowtham,K Gowtham,27.0,247.0,148.0,18.0,166.8919,13.7222,35.0,588.0,808.0,21.0,8.2449,28.0,1.2809,0.157
k kartikeya,K Kartikeya,4.0,12.0,17.0,3.0,70.5882,4.0,16.0,282.0,407.0,12.0,8.6596,23.5,0.0,0.005
k khejroliya,,0.0,0.0,0.0,0.0,0.0,0.0,8.0,139.0,246.0,6.0,10.6187,23.1667,0.0,-1.5517
k rabada,K Rabada,30.0,215.0,201.0,16.0,106.9652,13.4375,84.0,1911.0,2741.0,122.0,8.606,15.6639,-0.8487,0.362
k santokie,,0.0,0.0,0.0,0.0,0.0,0.0,2.0,48.0,90.0,3.0,11.25,16.0,0.0,0.0
k upadhyay,K Upadhyay,2.0,12.0,9.0,0.0,133.3333,12.0,3.0,54.0,81.0,0.0,9.0,54.0,0.0,0.0
k yadav,K Yadav,1.0,0.0,4.0,0.0,0.0,0.0,3.0,54.0,84.0,2.0,9.3333,27.0,0.0,0.0
ka jamieson,KA Jamieson,9.0,65.0,60.0,3.0,108.3333,21.6667,13.0,258.0,416.0,14.0,9.6744,18.4286,-0.5875,-0.6051
ka maharaj,KA Maharaj,1.0,1.0,2.0,1.0,50.0,1.0,2.0,36.0,39.0,2.0,6.5,18.0,0.0,0.0
ka pollard,KA Pollard,168.0,3437.0,2329.0,120.0,147.5741,28.6417,107.0,1488.0,2180.0,69.0,8.7903,21.5652,0.9275,-0.0222
kaj roach,KAJ Roach,1.0,10.0,9.0,1.0,111.1111,10.0,2.0,48.0,80.0,0.0,10.0,48.0,0.0,0.0
kamran akmal,Kamran Akmal,6.0,128.0,78.0,4.0,164.1026,32.0,0.0,0.0,0.0,0.0,0.0,0.0,1.563,0.0
kamran khan,Kamran Khan,1.0,3.0,5.0,1.0,60.0,3.0,9.0,166.0,239.0,10.0,8.6386,16.6,0.0,0.2984
karanveer singh,Karanveer Singh,4.0,12.0,17.0,1.0,70.5882,12.0,9.0,204.0,321.0,12.0,9.4412,17.0,0.0,-0.3609
karim janat,,0.0,0.0,0.0,0.0,0.0,0.0,1.0,6.0,30.0,0.0,30.0,6.0,0.0,0.0
kartik tyagi,Kartik Tyagi,6.0,13.0,16.0,4.0,81.25,3.25,20.0,422.0,713.0,15.0,10.1374,28.1333,0.0,-1.365
kb arun karthik,KB Arun Karthik,8.0,51.0,51.0,5.0,100.0,10.2,0.0,0.0,0.0,0.0,0.0,0.0,0.0,0.0
kc cariappa,KC Cariappa,5.0,24.0,21.0,3.0,114.2857,8.0,11.0,216.0,348.0,8.0,9.6667,27.0,0.0,-0.9423
kc sangakkara,KC Sangakkara,68.0,1687.0,1392.0,65.0,121.1925,25.9538,0.0,0.0,0.0,0.0,0.0,0.0,-0.0508,0.0
kd karthik,KD Karthik,233.0,4843.0,3580.0,175.0,135.2793,27.6743,0.0,0.0,0.0,0.0,0.0,0.0,0.4768,0.0
kh pandya,KH Pandya,114.0,1756.0,1326.0,77.0,132.4284,22.8052,132.0,2398.0,2985.0,93.0,7.4687,25.7849,0.2882,0.8678
kj abbott,KJ Abbott,3.0,13.0,8.0,1.0,162.5,13.0,5.0,96.0,177.0,2.0,11.0625,48.0,0.0,-2.9024
kk ahmed,KK Ahmed,6.0,2.0,9.0,5.0,22.2222,0.4,71.0,1556.0,2328.0,89.0,8.9769,17.4831,0.0,-0.0081
kk cooper,KK Cooper,12.0,116.0,68.0,9.0,170.5882,12.8889,25.0,576.0,757.0,33.0,7.8854,17.4545,1.3842,0.8677
kk nair,KK Nair,76.0,1694.0,1286.0,68.0,131.7263,24.9118,0.0,0.0,0.0,0.0,0.0,0.0,0.3033,0.0
kl nagarkoti,KL Nagarkoti,7.0,22.0,33.0,4.0,66.6667,5.5,11.0,180.0,285.0,5.0,9.5,36.0,0.0,-1.1694
kl rahul,KL Rahul,135.0,5235.0,3848.0,112.0,136.0447,46.7411,0.0,0.0,0.0,0.0,0.0,0.0,0.7444,0.0
km asif,KM Asif,1.0,0.0,2.0,1.0,0.0,0.0,7.0,133.0,231.0,7.0,10.4211,19.0,0.0,-1.2263
km jadhav,KM Jadhav,81.0,1208.0,981.0,51.0,123.1397,23.6863,0.0,0.0,0.0,0.0,0.0,0.0,-0.0233,0.0
kma paul,KMA Paul,5.0,18.0,24.0,4.0,75.0,4.5,8.0,163.0,237.0,9.0,8.7239,18.1111,0.0,0.1694
kmdn kulasekara,KMDN Kulasekara,1.0,5.0,3.0,0.0,166.6667,5.0,5.0,102.0,120.0,5.0,7.0588,20.4,0.0,1.4121
kp appanna,KP Appanna,3.0,2.0,4.0,1.0,50.0,2.0,13.0,216.0,286.0,9.0,7.9444,24.0,0.0,0.5581
kp pietersen,KP Pietersen,36.0,1001.0,743.0,27.0,134.7241,37.0741,13.0,174.0,215.0,7.0,7.4138,24.8571,0.591,0.949
kr mayers,KR Mayers,13.0,379.0,263.0,13.0,144.1065,29.1538,6.0,42.0,59.0,0.0,8.4286,42.0,0.8129,0.0
kr sen,KR Sen,1.0,0.0,3.0,0.0,0.0,0.0,12.0,241.0,387.0,14.0,9.6349,17.2143,0.0,-0.5247
ks bharat,KS Bharat,8.0,199.0,163.0,7.0,122.0859,28.4286,0.0,0.0,0.0,0.0,0.0,0.0,0.0223,0.0
ks rathore,KS Rathore,1.0,0.0,5.0,1.0,0.0,0.0,0.0,0.0,0.0,0.0,0.0,0.0,0.0,0.0
ks sharma,KS Sharma,3.0,16.0,25.0,3.0,64.0,5.3333,0.0,0.0,0.0,0.0,0.0,0.0,0.0,0.0
ks williamson,KS Williamson,76.0,2132.0,1697.0,58.0,125.6335,36.7586,2.0,18.0,31.0,0.0,10.3333,18.0,0.2654,0.0
kt maphaka,KT Maphaka,1.0,8.0,2.0,0.0,400.0,8.0,4.0,66.0,143.0,2.0,13.0,33.0,0.0,-3.8541
kuldeep yadav,Kuldeep Yadav,37.0,201.0,232.0,12.0,86.6379,16.75,96.0,2064.0,2778.0,102.0,8.0756,20.2353,-1.4705,0.6039
kumar kushagra,Kumar Kushagra,3.0,3.0,7.0,3.0,42.8571,1.0,0.0,0.0,0.0,0.0,0.0,0.0,0.0,0.0
kv sharma,KV Sharma,40.0,352.0,295.0,24.0,119.322,14.6667,87.0,1585.0,2215.0,83.0,8.3849,19.0964,-0.3729,0.4017
kw richardson,KW Richardson,4.0,36.0,39.0,3.0,92.3077,12.0,15.0,335.0,472.0,19.0,8.4537,17.6316,0.0,0.4052
l ablish,L Ablish,1.0,0.0,2.0,0.0,0.0,0.0,3.0,42.0,75.0,3.0,10.7143,14.0,0.0,0.0
l balaji,L Balaji,13.0,36.0,49.0,7.0,73.4694,5.1429,73.0,1512.0,2028.0,76.0,8.0476,19.8947,0.0,0.6399
l ngidi,L Ngidi,1.0,0.0,2.0,0.0,0.0,0.0,16.0,372.0,529.0,29.0,8.5323,12.8276,0.0,0.5347
l ronchi,L Ronchi,5.0,34.0,34.0,3.0,100.0,11.3333,0.0,0.0,0.0,0.0,0.0,0.0,0.0,0.0
l wood,L Wood,1.0,9.0,3.0,0.0,300.0,9.0,2.0,36.0,93.0,1.0,15.5,36.0,0.0,0.0
la carseldine,LA Carseldine,5.0,81.0,68.0,3.0,119.1176,27.0,1.0,6.0,6.0,1.0,6.0,6.0,-0.1062,0.0
la pomersbach,LA Pomersbach,16.0,302.0,246.0,10.0,122.7642,30.2,0.0,0.0,0.0,0.0,0.0,0.0,0.0739,0.0
lalit yadav,Lalit Yadav,21.0,305.0,290.0,15.0,105.1724,20.3333,19.0,288.0,425.0,10.0,8.8542,28.8,-0.7279,-0.3633
lb williams,LB Williams,1.0,1.0,2.0,0.0,50.0,1.0,2.0,36.0,72.0,1.0,12.0,36.0,0.0,0.0
le plunkett,LE Plunkett,2.0,1.0,3.0,1.0,33.3333,1.0,7.0,150.0,225.0,4.0,9.0,37.5,0.0,-0.8288
lh ferguson,LH Ferguson,8.0,72.0,47.0,3.0,153.1915,24.0,49.0,1026.0,1532.0,53.0,8.9591,19.3585,0.0,-0.069
li meriwala,,0.0,0.0,0.0,0.0,0.0,0.0,1.0,18.0,32.0,1.0,10.6667,18.0,0.0,0.0
liton das,Liton Das,1.0,4.0,4.0,1.0,100.0,4.0,0.0,0.0,0.0,0.0,0.0,0.0,0.0,0.0
lj wright,LJ Wright,5.0,106.0,60.0,4.0,176.6667,26.5,6.0,71.0,124.0,2.0,10.4789,35.5,1.9215,-1.9338
lmp simmons,LMP Simmons,29.0,1079.0,852.0,26.0,126.6432,41.5,1.0,18.0,34.0,1.0,11.3333,18.0,0.3569,0.0
lpc silva,LPC Silva,3.0,40.0,26.0,2.0,153.8462,20.0,1.0,6.0,21.0,0.0,21.0,6.0,0.0,0.0
lr shukla,LR Shukla,33.0,405.0,350.0,27.0,115.7143,15.0,27.0,314.0,447.0,15.0,8.5414,20.9333,-0.4907,0.2026
lrpl taylor,LRPL Taylor,54.0,1017.0,822.0,38.0,123.7226,26.7632,2.0,12.0,24.0,0.0,12.0,12.0,0.0527,0.0
ls livingstone,LS Livingstone,47.0,1051.0,662.0,39.0,158.7613,26.9487,27.0,312.0,469.0,13.0,9.0192,24.0,1.2956,-0.3032
m ashwin,M Ashwin,12.0,35.0,50.0,8.0,70.0,4.375,44.0,870.0,1162.0,35.0,8.0138,24.8571,0.0,0.4682
m de lange,M de Lange,1.0,1.0,2.0,1.0,50.0,1.0,5.0,108.0,169.0,5.0,9.3889,21.6,0.0,-0.5033
m jansen,M Jansen,20.0,141.0,129.0,11.0,109.3023,12.8182,35.0,733.0,1149.0,36.0,9.4052,20.3611,-0.7867,-0.4667
m kaif,M Kaif,22.0,259.0,250.0,16.0,103.6,16.1875,0.0,0.0,0.0,0.0,0.0,0.0,-0.8855,0.0
m kartik,M Kartik,14.0,113.0,108.0,6.0,104.6296,18.8333,55.0,1149.0,1388.0,31.0,7.248,37.0645,-0.7815,0.5927
m klinger,M Klinger,4.0,73.0,77.0,4.0,94.8052,18.25,0.0,0.0,0.0,0.0,0.0,0.0,-1.1432,0.0
m manhas,M Manhas,38.0,514.0,470.0,23.0,109.3617,22.3478,3.0,42.0,42.0,0.0,6.0,42.0,-0.5371,0.0
m markande,M Markande,10.0,48.0,42.0,3.0,114.2857,16.0,37.0,720.0,1069.0,37.0,8.9083,19.4595,0.0,-0.0324
m morkel,M Morkel,20.0,126.0,90.0,10.0,140.0,12.6,70.0,1629.0,2089.0,77.0,7.6943,21.1558,0.292,0.8726
m muralitharan,M Muralitharan,9.0,20.0,30.0,6.0,66.6667,3.3333,66.0,1528.0,1706.0,64.0,6.699,23.875,0.0,1.5613
m ntini,M Ntini,2.0,11.0,18.0,1.0,61.1111,11.0,9.0,210.0,242.0,7.0,6.9143,30.0,0.0,1.1433
m pathirana,,0.0,0.0,0.0,0.0,0.0,0.0,32.0,702.0,1016.0,47.0,8.6838,14.9362,0.0,0.3288
m prasidh krishna,M Prasidh Krishna,7.0,9.0,24.0,2.0,37.5,4.5,66.0,1505.0,2201.0,75.0,8.7748,20.0667,0.0,0.0503
m rawat,M Rawat,11.0,55.0,69.0,5.0,79.7101,11.0,0.0,0.0,0.0,0.0,0.0,0.0,-1.9003,0.0
m shahrukh khan,M Shahrukh Khan,48.0,732.0,491.0,31.0,149.0835,23.6129,3.0,18.0,28.0,1.0,9.3333,18.0,0.8932,0.0
m siddharth,,0.0,0.0,0.0,0.0,0.0,0.0,5.0,96.0,138.0,3.0,8.625,32.0,0.0,-0.3079
m theekshana,M Theekshana,6.0,17.0,34.0,3.0,50.0,5.6667,38.0,876.0,1207.0,36.0,8.2671,24.3333,0.0,0.2862
m tiwari,M Tiwari,1.0,3.0,4.0,1.0,75.0,3.0,1.0,6.0,14.0,0.0,14.0,6.0,0.0,0.0
m vijay,M Vijay,105.0,2619.0,2149.0,93.0,121.8706,28.1613,4.0,36.0,49.0,0.0,8.1667,36.0,0.0104,0.0
m vohra,M Vohra,51.0,1083.0,829.0,47.0,130.6393,23.0426,0.0,0.0,0.0,0.0,0.0,0.0,0.2296,0.0
ma agarwal,MA Agarwal,125.0,2764.0,2066.0,117.0,133.7851,23.6239,0.0,0.0,0.0,0.0,0.0,0.0,0.3521,0.0
ma khote,MA Khote,3.0,24.0,22.0,2.0,109.0909,12.0,2.0,30.0,51.0,2.0,10.2,15.0,0.0,0.0
ma starc,MA Starc,21.0,111.0,119.0,10.0,93.2773,11.1,50.0,1064.0,1537.0,65.0,8.6673,16.3692,-1.4163,0.2846
ma wood,MA Wood,3.0,12.0,8.0,2.0,150.0,6.0,5.0,120.0,179.0,11.0,8.95,10.9091,0.0,0.2768
mandeep singh,Mandeep Singh,97.0,1706.0,1388.0,80.0,122.9107,21.325,2.0,12.0,26.0,0.0,13.0,12.0,-0.0789,0.0
mashrafe mortaza,Mashrafe Mortaza,1.0,2.0,2.0,0.0,100.0,2.0,1.0,24.0,58.0,0.0,14.5,24.0,0.0,0.0
mayank dagar,Mayank Dagar,1.0,0.0,1.0,0.0,0.0,0.0,8.0,137.0,203.0,2.0,8.8905,68.5,0.0,-1.9832
mb parmar,,0.0,0.0,0.0,0.0,0.0,0.0,1.0,18.0,33.0,0.0,11.0,18.0,0.0,0.0
mc henriques,MC Henriques,54.0,1000.0,788.0,36.0,126.9036,27.7778,60.0,950.0,1289.0,42.0,8.1411,22.619,0.1822,0.4559
mc juneja,MC Juneja,7.0,125.0,128.0,7.0,97.6562,17.8571,0.0,0.0,0.0,0.0,0.0,0.0,-1.0521,0.0
md mishra,MD Mishra,17.0,237.0,208.0,15.0,113.9423,15.8,0.0,0.0,0.0,0.0,0.0,0.0,-0.5303,0.0
md shanaka,MD Shanaka,3.0,26.0,26.0,2.0,100.0,13.0,0.0,0.0,0.0,0.0,0.0,0.0,0.0,0.0
mdkj perera,MDKJ Perera,2.0,14.0,13.0,2.0,107.6923,7.0,0.0,0.0,0.0,0.0,0.0,0.0,0.0,0.0
mek hussey,MEK Hussey,58.0,1977.0,1612.0,49.0,122.6427,40.3469,0.0,0.0,0.0,0.0,0.0,0.0,0.2024,0.0
mf maharoof,MF Maharoof,14.0,177.0,123.0,10.0,143.9024,17.7,20.0,420.0,520.0,27.0,7.4286,15.5556,0.5803,1.3099
mg bracewell,MG Bracewell,4.0,58.0,47.0,2.0,123.4043,29.0,5.0,66.0,95.0,6.0,8.6364,11.0,0.0,0.5245
mg johnson,MG Johnson,28.0,167.0,164.0,13.0,101.8293,12.8462,54.0,1235.0,1708.0,62.0,8.298,19.9194,-1.0502,0.4383
mg neser,,0.0,0.0,0.0,0.0,0.0,0.0,1.0,24.0,62.0,0.0,15.5,24.0,0.0,0.0
misbah ul haq,Misbah-ul-Haq,8.0,117.0,81.0,7.0,144.4444,16.7143,0.0,0.0,0.0,0.0,0.0,0.0,0.5739,0.0
mj clarke,MJ Clarke,6.0,98.0,94.0,6.0,104.2553,16.3333,5.0,66.0,67.0,2.0,6.0909,33.0,-0.8583,1.6829
mj guptill,MJ Guptill,13.0,271.0,197.0,12.0,137.5635,22.5833,0.0,0.0,0.0,0.0,0.0,0.0,0.4654,0.0
mj henry,,0.0,0.0,0.0,0.0,0.0,0.0,6.0,102.0,181.0,2.0,10.6471,51.0,0.0,-2.6897
mj lumb,MJ Lumb,12.0,278.0,194.0,10.0,143.299,27.8,0.0,0.0,0.0,0.0,0.0,0.0,0.7627,0.0
mj mcclenaghan,MJ McClenaghan,20.0,85.0,70.0,11.0,121.4286,7.7273,56.0,1274.0,1803.0,71.0,8.4914,17.9437,-0.5744,0.3625
mj owen,MJ Owen,1.0,0.0,2.0,1.0,0.0,0.0,0.0,0.0,0.0,0.0,0.0,0.0,0.0,0.0
mj santner,MJ Santner,19.0,110.0,104.0,8.0,105.7692,13.75,31.0,603.0,735.0,25.0,7.3134,24.12,-0.8809,1.059
mj suthar,MJ Suthar,1.0,1.0,2.0,1.0,50.0,1.0,1.0,12.0,26.0,0.0,13.0,12.0,0.0,0.0
mk lomror,MK Lomror,35.0,527.0,373.0,29.0,141.2869,18.1724,11.0,90.0,127.0,1.0,8.4667,90.0,0.4995,-2.5051
mk pandey,MK Pandey,161.0,3951.0,3248.0,133.0,121.6441,29.7068,0.0,0.0,0.0,0.0,0.0,0.0,0.0267,0.0
mk tiwary,MK Tiwary,83.0,1695.0,1449.0,57.0,116.9772,29.7368,6.0,42.0,83.0,1.0,11.8571,42.0,-0.138,0.0
ml hayden,ML Hayden,32.0,1107.0,806.0,28.0,137.3449,39.5357,0.0,0.0,0.0,0.0,0.0,0.0,0.7132,0.0
mm ali,MM Ali,59.0,1167.0,835.0,51.0,139.7605,22.8824,57.0,854.0,1029.0,41.0,7.2295,20.8293,0.5491,1.2581
mm patel,MM Patel,12.0,39.0,41.0,5.0,95.122,7.8,63.0,1355.0,1698.0,74.0,7.5188,18.3108,0.0,1.1272
mm sharma,MM Sharma,30.0,125.0,136.0,17.0,91.9118,7.3529,119.0,2403.0,3513.0,134.0,8.7715,17.9328,-1.6395,0.1384
mn samuels,MN Samuels,14.0,161.0,172.0,11.0,93.6047,14.6364,11.0,214.0,284.0,9.0,7.9626,23.7778,-1.2838,0.5525
mn van wyk,MN van Wyk,5.0,167.0,132.0,3.0,126.5152,55.6667,0.0,0.0,0.0,0.0,0.0,0.0,0.4881,0.0
mohammad ashraful,Mohammad Ashraful,1.0,2.0,10.0,1.0,20.0,2.0,0.0,0.0,0.0,0.0,0.0,0.0,0.0,0.0
mohammad asif,Mohammad Asif,2.0,3.0,6.0,2.0,50.0,1.5,8.0,192.0,296.0,8.0,9.25,24.0,0.0,-0.4882
mohammad hafeez,Mohammad Hafeez,8.0,64.0,83.0,7.0,77.1084,9.1429,4.0,60.0,68.0,2.0,6.8,30.0,-2.0717,1.2349
mohammad nabi,Mohammad Nabi,19.0,221.0,152.0,16.0,145.3947,13.8125,23.0,417.0,517.0,15.0,7.4388,27.8,0.5231,0.811
mohammed shami,Mohammed Shami,27.0,84.0,89.0,14.0,94.382,6.0,119.0,2614.0,3757.0,133.0,8.6236,19.6541,-1.6354,0.188
mohammed siraj,Mohammed Siraj,21.0,112.0,123.0,9.0,91.0569,12.4444,108.0,2300.0,3349.0,109.0,8.7365,21.1009,-1.4452,0.0395
mohit rathee,Mohit Rathee,1.0,1.0,2.0,0.0,50.0,1.0,1.0,12.0,29.0,0.0,14.5,12.0,0.0,0.0
mohsin khan,Mohsin Khan,5.0,25.0,24.0,2.0,104.1667,12.5,23.0,486.0,689.0,27.0,8.5062,18.0,0.0,0.3484
monu kumar,,0.0,0.0,0.0,0.0,0.0,0.0,1.0,12.0,20.0,0.0,10.0,12.0,0.0,0.0
mp breetzke,MP Breetzke,1.0,14.0,12.0,1.0,116.6667,14.0,0.0,0.0,0.0,0.0,0.0,0.0,0.0,0.0
mp stoinis,MP Stoinis,99.0,2026.0,1400.0,71.0,144.7143,28.5352,71.0,888.0,1449.0,44.0,9.7905,20.1818,0.8246,-0.7684
mp yadav,,0.0,0.0,0.0,0.0,0.0,0.0,6.0,121.0,185.0,9.0,9.1736,13.4444,0.0,-0.0039
mr marsh,MR Marsh,49.0,1292.0,904.0,44.0,142.9204,29.3636,34.0,560.0,795.0,37.0,8.5179,15.1351,0.7742,0.4538
ms bhandage,MS Bhandage,1.0,1.0,4.0,1.0,25.0,1.0,0.0,0.0,0.0,0.0,0.0,0.0,0.0,0.0
ms bisla,MS Bisla,39.0,798.0,702.0,36.0,113.6752,22.1667,0.0,0.0,0.0,0.0,0.0,0.0,-0.3882,0.0
ms dhoni,MS Dhoni,241.0,5439.0,3957.0,139.0,137.4526,39.1295,0.0,0.0,0.0,0.0,0.0,0.0,0.7123,0.0
ms gony,MS Gony,15.0,99.0,71.0,9.0,139.4366,11.0,44.0,888.0,1287.0,37.0,8.6959,24.0,0.213,-0.0441
ms wade,MS Wade,14.0,183.0,177.0,13.0,103.3898,14.0769,0.0,0.0,0.0,0.0,0.0,0.0,-0.9548,0.0
mujeeb ur rahman,Mujeeb Ur Rahman,6.0,12.0,15.0,3.0,80.0,4.0,20.0,446.0,620.0,20.0,8.3408,22.3,0.0,0.3086
mukesh choudhary,Mukesh Choudhary,2.0,6.0,6.0,0.0,100.0,6.0,16.0,315.0,522.0,17.0,9.9429,18.5294,0.0,-0.8242
mukesh kumar,Mukesh Kumar,5.0,10.0,18.0,1.0,55.5556,10.0,32.0,636.0,1102.0,36.0,10.3962,17.6667,0.0,-1.153
musheer khan,Musheer Khan,1.0,0.0,3.0,1.0,0.0,0.0,1.0,12.0,27.0,1.0,13.5,12.0,0.0,0.0
mustafizur rahman,Mustafizur Rahman,7.0,13.0,24.0,2.0,54.1667,6.5,60.0,1364.0,1849.0,65.0,8.1334,20.9846,0.0,0.5275
mv boucher,MV Boucher,23.0,394.0,309.0,14.0,127.5081,28.1429,0.0,0.0,0.0,0.0,0.0,0.0,0.2095,0.0
mw short,MW Short,6.0,117.0,92.0,6.0,127.1739,19.5,3.0,24.0,25.0,0.0,6.25,24.0,0.0317,0.0
n burger,,0.0,0.0,0.0,0.0,0.0,0.0,5.0,102.0,145.0,7.0,8.5294,14.5714,0.0,0.4671
n jagadeesan,N Jagadeesan,10.0,162.0,147.0,9.0,110.2041,18.0,0.0,0.0,0.0,0.0,0.0,0.0,-0.6045,0.0
n pooran,N Pooran,86.0,2293.0,1359.0,66.0,168.727,34.7424,0.0,0.0,0.0,0.0,0.0,0.0,1.7643,0.0
n rana,N Rana,112.0,2853.0,2086.0,102.0,136.7689,27.9706,26.0,192.0,270.0,10.0,8.4375,19.2,0.5344,0.3553
n saini,N Saini,10.0,140.0,141.0,10.0,99.2908,14.0,0.0,0.0,0.0,0.0,0.0,0.0,-1.1022,0.0
n thushara,,0.0,0.0,0.0,0.0,0.0,0.0,8.0,180.0,283.0,9.0,9.4333,20.0,0.0,-0.4748
n wadhera,N Wadhera,31.0,719.0,503.0,26.0,142.9423,27.6538,2.0,17.0,22.0,0.0,7.7647,17.0,0.7476,0.0
na saini,,0.0,0.0,0.0,0.0,0.0,0.0,1.0,12.0,34.0,0.0,17.0,12.0,0.0,0.0
naman dhir,Naman Dhir,19.0,392.0,217.0,14.0,180.6452,28.0,5.0,52.0,76.0,0.0,8.7692,52.0,2.0873,0.0
navdeep saini,Navdeep Saini,7.0,33.0,37.0,4.0,89.1892,8.25,31.0,652.0,946.0,24.0,8.7055,27.1667,0.0,-0.1787
naveen ul haq,Naveen-ul-Haq,4.0,18.0,25.0,1.0,72.0,18.0,17.0,387.0,591.0,25.0,9.1628,15.48,0.0,-0.0769
nb singh,,0.0,0.0,0.0,0.0,0.0,0.0,2.0,24.0,15.0,1.0,3.75,24.0,0.0,0.0
nd doshi,ND Doshi,1.0,0.0,13.0,1.0,0.0,0.0,4.0,56.0,79.0,2.0,8.4643,28.0,0.0,0.0
nithish kumar reddy,Nithish Kumar Reddy,22.0,485.0,365.0,17.0,132.8767,28.5294,12.0,139.0,254.0,5.0,10.964,27.8,0.4057,-2.0141
nj maddinson,NJ Maddinson,3.0,20.0,21.0,3.0,95.2381,6.6667,0.0,0.0,0.0,0.0,0.0,0.0,0.0,0.0
nj rimmington,NJ Rimmington,1.0,1.0,1.0,0.0,100.0,1.0,1.0,18.0,19.0,0.0,6.3333,18.0,0.0,0.0
nk patel,NK Patel,6.0,121.0,119.0,4.0,101.6807,30.25,0.0,0.0,0.0,0.0,0.0,0.0,-0.6714,0.0
nl mccullum,NL McCullum,2.0,26.0,22.0,1.0,118.1818,26.0,2.0,30.0,34.0,0.0,6.8,30.0,0.0,0.0
nltc perera,NLTC Perera,30.0,424.0,309.0,22.0,137.2168,19.2727,36.0,698.0,1016.0,31.0,8.7335,22.5161,0.3818,-0.0148
nm coulter nile,NM Coulter-Nile,16.0,82.0,72.0,10.0,113.8889,8.2,38.0,857.0,1100.0,48.0,7.7013,17.8542,-0.8163,0.9993
noor ahmad,Noor Ahmad,11.0,20.0,35.0,8.0,57.1429,2.5,37.0,792.0,1067.0,48.0,8.0833,16.5,0.0,0.7473
ns naik,NS Naik,4.0,31.0,50.0,4.0,62.0,7.75,0.0,0.0,0.0,0.0,0.0,0.0,0.0,0.0
nt ellis,NT Ellis,5.0,19.0,25.0,4.0,76.0,4.75,17.0,378.0,546.0,19.0,8.6667,19.8947,0.0,0.1438
nv ojha,NV Ojha,94.0,1554.0,1313.0,72.0,118.3549,21.5833,0.0,0.0,0.0,0.0,0.0,0.0,-0.2346,0.0
o thomas,,0.0,0.0,0.0,0.0,0.0,0.0,4.0,60.0,79.0,5.0,7.9,12.0,0.0,1.0746
oa shah,OA Shah,22.0,506.0,389.0,12.0,130.0771,42.1667,0.0,0.0,0.0,0.0,0.0,0.0,0.4858,0.0
oc mccoy,OC McCoy,1.0,8.0,5.0,0.0,160.0,8.0,8.0,161.0,250.0,11.0,9.3168,14.6364,0.0,-0.1665
of smith,OF Smith,6.0,51.0,44.0,3.0,115.9091,17.0,6.0,90.0,178.0,6.0,11.8667,15.0,0.0,-2.2246
p amarnath,,0.0,0.0,0.0,0.0,0.0,0.0,6.0,132.0,236.0,7.0,10.7273,18.8571,0.0,-1.466
p awana,P Awana,5.0,5.0,14.0,2.0,35.7143,2.5,33.0,747.0,1029.0,39.0,8.2651,19.1538,0.0,0.4954
p chopra,P Chopra,1.0,8.0,6.0,1.0,133.3333,8.0,0.0,0.0,0.0,0.0,0.0,0.0,0.0,0.0
p dogra,P Dogra,12.0,127.0,138.0,8.0,92.029,15.875,0.0,0.0,0.0,0.0,0.0,0.0,-1.3036,0.0
p dubey,P Dubey,2.0,23.0,33.0,1.0,69.697,23.0,5.0,78.0,111.0,2.0,8.5385,39.0,0.0,-0.519
p kumar,P Kumar,57.0,340.0,314.0,34.0,108.2803,10.0,119.0,2524.0,3251.0,90.0,7.7282,28.0444,-0.9305,0.5693
p negi,P Negi,35.0,365.0,289.0,22.0,126.2976,16.5909,42.0,716.0,939.0,34.0,7.8687,21.0588,-0.0715,0.7367
p parameswaran,P Parameswaran,2.0,1.0,2.0,0.0,50.0,1.0,8.0,154.0,224.0,9.0,8.7273,17.1111,0.0,0.2068
p prasanth,,0.0,0.0,0.0,0.0,0.0,0.0,1.0,6.0,18.0,0.0,18.0,6.0,0.0,0.0
p ray barman,P Ray Barman,1.0,19.0,24.0,1.0,79.1667,19.0,1.0,24.0,56.0,0.0,14.0,24.0,0.0,0.0
p sahu,P Sahu,2.0,19.0,13.0,0.0,146.1538,19.0,5.0,105.0,146.0,3.0,8.3429,35.0,0.0,-0.202
p simran singh,P Simran Singh,52.0,1355.0,887.0,50.0,152.7621,27.1,0.0,0.0,0.0,0.0,0.0,0.0,1.0859,0.0
p suyal,,0.0,0.0,0.0,0.0,0.0,0.0,5.0,96.0,151.0,2.0,9.4375,48.0,0.0,-1.6001
pa patel,PA Patel,136.0,2848.0,2358.0,121.0,120.7803,23.5372,0.0,0.0,0.0,0.0,0.0,0.0,-0.1097,0.0
pa reddy,PA Reddy,10.0,164.0,160.0,10.0,102.5,16.4,0.0,0.0,0.0,0.0,0.0,0.0,-0.9186,0.0
pankaj singh,Pankaj Singh,5.0,7.0,12.0,2.0,58.3333,3.5,17.0,300.0,468.0,11.0,9.36,27.2727,0.0,-0.7075
parvez rasool,Parvez Rasool,4.0,17.0,20.0,2.0,85.0,8.5,11.0,198.0,271.0,4.0,8.2121,49.5,0.0,-0.6782
pbb rajapaksa,PBB Rajapaksa,13.0,277.0,191.0,12.0,145.0262,23.0833,0.0,0.0,0.0,0.0,0.0,0.0,0.7394,0.0
pc valthaty,PC Valthaty,23.0,505.0,418.0,22.0,120.8134,22.9545,10.0,151.0,205.0,7.0,8.1457,21.5714,-0.1198,0.4941
pd collingwood,PD Collingwood,7.0,203.0,156.0,4.0,130.1282,50.75,6.0,89.0,101.0,5.0,6.809,17.8,0.5731,1.7165
pd salt,PD Salt,34.0,1056.0,601.0,31.0,175.7072,34.0645,0.0,0.0,0.0,0.0,0.0,0.0,2.0022,0.0
ph solanki,,0.0,0.0,0.0,0.0,0.0,0.0,2.0,36.0,38.0,2.0,6.3333,18.0,0.0,0.0
phkd mendis,PHKD Mendis,5.0,92.0,69.0,4.0,133.3333,23.0,4.0,42.0,60.0,2.0,8.5714,21.0,0.324,0.0
pj cummins,PJ Cummins,48.0,612.0,402.0,29.0,152.2388,21.1034,72.0,1617.0,2373.0,79.0,8.8052,20.4684,0.9541,0.0098
pj sangwan,PJ Sangwan,14.0,26.0,44.0,7.0,59.0909,3.7143,42.0,856.0,1240.0,38.0,8.6916,22.5263,0.0,0.0184
pk garg,PK Garg,19.0,273.0,241.0,18.0,113.278,15.1667,0.0,0.0,0.0,0.0,0.0,0.0,-0.572,0.0
pm sarvesh kumar,PM Sarvesh Kumar,1.0,1.0,2.0,0.0,50.0,1.0,2.0,30.0,42.0,1.0,8.4,30.0,0.0,0.0
pn mankad,PN Mankad,5.0,97.0,73.0,3.0,132.8767,32.3333,0.0,0.0,0.0,0.0,0.0,0.0,0.4629,0.0
pp chawla,PP Chawla,86.0,624.0,563.0,53.0,110.8348,11.7736,191.0,3850.0,5108.0,192.0,7.9605,20.0521,-0.7696,0.7034
pp ojha,PP Ojha,19.0,16.0,45.0,9.0,35.5556,1.7778,90.0,1899.0,2332.0,89.0,7.3681,21.3371,0.0,1.1267
pp shaw,PP Shaw,79.0,1892.0,1283.0,76.0,147.4669,24.8947,0.0,0.0,0.0,0.0,0.0,0.0,0.86,0.0
pr shah,PR Shah,9.0,92.0,91.0,8.0,101.0989,11.5,0.0,0.0,0.0,0.0,0.0,0.0,-1.1242,0.0
prince yadav,Prince Yadav,2.0,5.0,10.0,0.0,50.0,5.0,6.0,137.0,225.0,3.0,9.854,45.6667,0.0,-1.8404
priyansh arya,Priyansh Arya,18.0,545.0,299.0,18.0,182.2742,30.2778,0.0,0.0,0.0,0.0,0.0,0.0,2.1806,0.0
psp handscomb,PSP Handscomb,1.0,6.0,12.0,1.0,50.0,6.0,0.0,0.0,0.0,0.0,0.0,0.0,0.0,0.0
pv tambe,PV Tambe,6.0,18.0,39.0,1.0,46.1538,18.0,33.0,660.0,853.0,28.0,7.7545,23.5714,0.0,0.7275
pvd chameera,PVD Chameera,10.0,53.0,42.0,3.0,126.1905,17.6667,19.0,384.0,630.0,13.0,9.8438,29.5385,0.0,-1.1859
pvsn raju,PVSN Raju,1.0,1.0,1.0,0.0,100.0,1.0,2.0,24.0,53.0,1.0,13.25,24.0,0.0,0.0
pwa mulder,PWA Mulder,1.0,9.0,11.0,1.0,81.8182,9.0,1.0,6.0,16.0,0.0,16.0,6.0,0.0,0.0
pwh de silva,PWH de Silva,19.0,81.0,88.0,15.0,92.0455,5.4,37.0,798.0,1119.0,46.0,8.4135,17.3478,-1.7604,0.4487
q de kock,Q de Kock,115.0,3312.0,2472.0,106.0,133.9806,31.2453,0.0,0.0,0.0,0.0,0.0,0.0,0.4863,0.0
r ashwin,R Ashwin,93.0,833.0,705.0,61.0,118.156,13.6557,217.0,4710.0,5652.0,187.0,7.2,25.1872,-0.4457,1.1072
r bhatia,R Bhatia,47.0,342.0,284.0,29.0,120.4225,11.7931,91.0,1636.0,2020.0,71.0,7.4083,23.0423,-0.4296,1.0262
r bishnoi,R Bishnoi,3.0,19.0,17.0,3.0,111.7647,6.3333,0.0,0.0,0.0,0.0,0.0,0.0,0.0,0.0
r dhawan,R Dhawan,22.0,210.0,187.0,10.0,112.2995,21.0,36.0,662.0,891.0,25.0,8.0755,26.48,-0.4612,0.3537
r dravid,R Dravid,82.0,2174.0,1882.0,75.0,115.5154,28.9867,0.0,0.0,0.0,0.0,0.0,0.0,-0.2013,0.0
r goyal,,0.0,0.0,0.0,0.0,0.0,0.0,1.0,24.0,33.0,0.0,8.25,24.0,0.0,0.0
r mclaren,R McLaren,13.0,159.0,171.0,8.0,92.9825,19.875,18.0,354.0,542.0,12.0,9.1864,29.5,-1.1695,-0.6576
r minz,R Minz,2.0,6.0,15.0,2.0,40.0,3.0,0.0,0.0,0.0,0.0,0.0,0.0,0.0,0.0
r ninan,R Ninan,1.0,3.0,6.0,1.0,50.0,3.0,2.0,36.0,65.0,3.0,10.8333,12.0,0.0,0.0
r parag,R Parag,72.0,1570.0,1106.0,58.0,141.953,27.069,30.0,295.0,477.0,7.0,9.7017,42.1429,0.7029,-1.5772
r powell,R Powell,23.0,365.0,249.0,20.0,146.5863,18.25,2.0,18.0,35.0,1.0,11.6667,18.0,0.6889,0.0
r rampaul,R Rampaul,7.0,51.0,50.0,5.0,102.0,10.2,12.0,268.0,309.0,16.0,6.9179,16.75,0.0,1.6713
r ravindra,R Ravindra,18.0,413.0,287.0,16.0,143.9024,25.8125,2.0,12.0,7.0,0.0,3.5,12.0,0.7503,0.0
r sai kishore,R Sai Kishore,4.0,18.0,16.0,3.0,112.5,6.0,25.0,441.0,651.0,32.0,8.8571,13.7812,0.0,0.2361
r sanjay yadav,R Sanjay Yadav,1.0,0.0,2.0,1.0,0.0,0.0,1.0,12.0,23.0,0.0,11.5,12.0,0.0,0.0
r sathish,R Sathish,24.0,270.0,231.0,16.0,116.8831,16.875,14.0,139.0,232.0,3.0,10.0144,46.3333,-0.397,-1.9957
r sharma,R Sharma,19.0,66.0,75.0,11.0,88.0,6.0,44.0,928.0,1086.0,40.0,7.0216,23.2,-1.8613,1.3298
r shepherd,R Shepherd,12.0,185.0,87.0,7.0,212.6437,26.4286,15.0,210.0,408.0,10.0,11.6571,21.0,3.1932,-2.2971
r shukla,R Shukla,4.0,19.0,23.0,1.0,82.6087,19.0,7.0,120.0,208.0,5.0,10.4,24.0,0.0,-1.4098
r tewatia,R Tewatia,76.0,1112.0,811.0,46.0,137.1147,24.1739,52.0,843.0,1111.0,32.0,7.9075,26.3438,0.4804,0.4938
r vinay kumar,R Vinay Kumar,42.0,310.0,274.0,25.0,113.1387,12.4,104.0,2127.0,2986.0,105.0,8.4231,20.2571,-0.6654,0.3245
ra bawa,RA Bawa,3.0,19.0,18.0,2.0,105.5556,9.5,0.0,0.0,0.0,0.0,0.0,0.0,0.0,0.0
ra jadeja,RA Jadeja,194.0,3260.0,2502.0,115.0,130.2958,28.3478,225.0,4056.0,5188.0,170.0,7.6746,23.8588,0.3115,0.7801
ra shaikh,,0.0,0.0,0.0,0.0,0.0,0.0,1.0,6.0,11.0,0.0,11.0,6.0,0.0,0.0
ra tripathi,RA Tripathi,98.0,2291.0,1662.0,85.0,137.846,26.9529,1.0,6.0,12.0,0.0,12.0,6.0,0.5556,0.0
rahmanullah gurbaz,Rahmanullah Gurbaz,18.0,363.0,269.0,17.0,134.9442,21.3529,0.0,0.0,0.0,0.0,0.0,0.0,0.3475,0.0
ramandeep singh,Ramandeep Singh,20.0,217.0,137.0,11.0,158.3942,19.7273,4.0,40.0,63.0,6.0,9.45,6.6667,1.1416,0.0
rashid khan,Rashid Khan,66.0,585.0,365.0,42.0,160.274,13.9286,136.0,3202.0,3781.0,158.0,7.0849,20.2658,1.0533,1.3966
rasikh salam,Rasikh Salam,6.0,40.0,40.0,5.0,100.0,8.0,13.0,231.0,409.0,10.0,10.6234,23.1,0.0,-1.5528
ravi bishnoi,Ravi Bishnoi,16.0,45.0,66.0,9.0,68.1818,5.0,76.0,1633.0,2237.0,72.0,8.2192,22.6806,-2.6352,0.3908
rd chahar,RD Chahar,22.0,129.0,124.0,15.0,104.0323,8.6,78.0,1670.0,2150.0,75.0,7.7246,22.2667,-1.145,0.8038
rd gaikwad,RD Gaikwad,70.0,2502.0,1820.0,60.0,137.4725,41.7,0.0,0.0,0.0,0.0,0.0,0.0,0.7423,0.0
rd rickelton,RD Rickelton,14.0,388.0,257.0,13.0,150.9728,29.8462,0.0,0.0,0.0,0.0,0.0,0.0,1.0666,0.0
re levi,RE Levi,6.0,83.0,73.0,6.0,113.6986,13.8333,0.0,0.0,0.0,0.0,0.0,0.0,-0.5977,0.0
re van der merwe,RE van der Merwe,15.0,159.0,141.0,11.0,112.766,14.4545,21.0,443.0,498.0,21.0,6.7449,21.0952,-0.6113,1.6358
rg more,RG More,1.0,2.0,2.0,0.0,100.0,2.0,2.0,35.0,59.0,1.0,10.1143,35.0,0.0,0.0
rg sharma,RG Sharma,266.0,7048.0,5337.0,235.0,132.0592,29.9915,32.0,339.0,453.0,15.0,8.0177,22.6,0.3996,0.5555
rj gleeson,RJ Gleeson,1.0,2.0,2.0,0.0,100.0,2.0,3.0,68.0,110.0,2.0,9.7059,34.0,0.0,-1.2542
rj harris,RJ Harris,21.0,117.0,112.0,12.0,104.4643,9.75,37.0,832.0,1047.0,45.0,7.5505,18.4889,-1.0763,1.0947
rj peterson,RJ Peterson,5.0,32.0,30.0,3.0,106.6667,10.6667,4.0,48.0,70.0,3.0,8.75,16.0,0.0,0.0
rj quiney,RJ Quiney,7.0,103.0,102.0,7.0,100.9804,14.7143,0.0,0.0,0.0,0.0,0.0,0.0,-1.0205,0.0
rjw topley,RJW Topley,1.0,3.0,6.0,0.0,50.0,3.0,6.0,120.0,222.0,5.0,11.1,24.0,0.0,-1.9708
rk bhui,RK Bhui,4.0,10.0,26.0,4.0,38.4615,2.5,0.0,0.0,0.0,0.0,0.0,0.0,0.0,0.0
rk singh,RK Singh,51.0,1099.0,757.0,36.0,145.1783,30.5278,0.0,0.0,0.0,0.0,0.0,0.0,0.8719,0.0
rm patidar,RM Patidar,38.0,1111.0,720.0,35.0,154.3056,31.7429,0.0,0.0,0.0,0.0,0.0,0.0,1.2126,0.0
rn ten doeschate,RN ten Doeschate,21.0,326.0,235.0,14.0,138.7234,23.2857,10.0,78.0,94.0,2.0,7.2308,39.0,0.5203,0.529
rp meredith,RP Meredith,2.0,0.0,3.0,0.0,0.0,0.0,18.0,388.0,612.0,19.0,9.4639,20.4211,0.0,-0.5162
rp singh,RP Singh,28.0,52.0,76.0,14.0,68.4211,3.7143,82.0,1775.0,2338.0,90.0,7.9031,19.7222,-2.7405,0.7627
rr bhatkal,RR Bhatkal,1.0,0.0,2.0,1.0,0.0,0.0,1.0,12.0,35.0,0.0,17.5,12.0,0.0,0.0
rr bose,,0.0,0.0,0.0,0.0,0.0,0.0,1.0,12.0,24.0,0.0,12.0,12.0,0.0,0.0
rr pant,RR Pant,123.0,3566.0,2417.0,102.0,147.5383,34.9608,0.0,0.0,0.0,0.0,0.0,0.0,1.0174,0.0
rr powar,RR Powar,9.0,67.0,64.0,2.0,104.6875,33.5,26.0,426.0,527.0,13.0,7.4225,32.7692,-0.5183,0.625
rr raje,RR Raje,5.0,20.0,18.0,1.0,111.1111,20.0,10.0,139.0,209.0,6.0,9.0216,23.1667,0.0,-0.2717
rr rossouw,RR Rossouw,22.0,473.0,308.0,20.0,153.5714,23.65,0.0,0.0,0.0,0.0,0.0,0.0,1.0527,0.0
rr sarwan,RR Sarwan,4.0,73.0,75.0,3.0,97.3333,24.3333,0.0,0.0,0.0,0.0,0.0,0.0,-0.9242,0.0
rs bopara,RS Bopara,22.0,531.0,453.0,17.0,117.2185,31.2353,14.0,206.0,292.0,11.0,8.5049,18.7273,-0.107,0.3203
rs gavaskar,RS Gavaskar,1.0,2.0,8.0,1.0,25.0,2.0,1.0,6.0,8.0,0.0,8.0,6.0,0.0,0.0
rs hangargekar,,0.0,0.0,0.0,0.0,0.0,0.0,2.0,36.0,60.0,3.0,10.0,12.0,0.0,0.0
rs sodhi,RS Sodhi,1.0,4.0,2.0,0.0,200.0,4.0,0.0,0.0,0.0,0.0,0.0,0.0,0.0,0.0
rt ponting,RT Ponting,9.0,91.0,128.0,8.0,71.0938,11.375,0.0,0.0,0.0,0.0,0.0,0.0,-2.1906,0.0
rv gomez,RV Gomez,9.0,50.0,51.0,5.0,98.0392,10.0,9.0,96.0,129.0,5.0,8.0625,19.2,0.0,0.6558
rv patel,RV Patel,7.0,80.0,73.0,4.0,109.589,20.0,1.0,18.0,22.0,0.0,7.3333,18.0,-0.5791,0.0
rv uthappa,RV Uthappa,197.0,4954.0,3801.0,175.0,130.3341,28.3086,0.0,0.0,0.0,0.0,0.0,0.0,0.3122,0.0
rw price,,0.0,0.0,0.0,0.0,0.0,0.0,1.0,18.0,33.0,0.0,11.0,18.0,0.0,0.0
s anirudha,S Anirudha,12.0,136.0,113.0,8.0,120.354,17.0,0.0,0.0,0.0,0.0,0.0,0.0,-0.2709,0.0
s aravind,S Aravind,10.0,59.0,57.0,3.0,103.5088,19.6667,38.0,760.0,1039.0,45.0,8.2026,16.8889,0.0,0.6361
s badree,S Badree,5.0,13.0,23.0,5.0,56.5217,2.6,12.0,258.0,319.0,11.0,7.4186,23.4545,0.0,1.0014
s badrinath,S Badrinath,65.0,1441.0,1212.0,46.0,118.8944,31.3261,0.0,0.0,0.0,0.0,0.0,0.0,-0.0463,0.0
s chanderpaul,S Chanderpaul,3.0,25.0,31.0,3.0,80.6452,8.3333,0.0,0.0,0.0,0.0,0.0,0.0,0.0,0.0
s dhawan,S Dhawan,221.0,6769.0,5326.0,187.0,127.0935,36.1979,6.0,48.0,66.0,4.0,8.25,12.0,0.31,0.0
s dube,S Dube,75.0,1859.0,1294.0,60.0,143.6631,30.9833,15.0,124.0,213.0,5.0,10.3065,24.8,0.825,-1.3669
s gopal,S Gopal,22.0,180.0,169.0,12.0,106.5089,15.0,51.0,991.0,1349.0,52.0,8.1675,19.0577,-0.8164,0.5774
s joseph,,0.0,0.0,0.0,0.0,0.0,0.0,1.0,24.0,47.0,0.0,11.75,24.0,0.0,0.0
s kaul,S Kaul,9.0,20.0,36.0,3.0,55.5556,6.6667,55.0,1209.0,1739.0,58.0,8.6303,20.8448,0.0,0.1349
s kaushik,S Kaushik,1.0,0.0,1.0,1.0,0.0,0.0,10.0,204.0,297.0,6.0,8.7353,34.0,0.0,-0.4764
s ladda,S Ladda,2.0,0.0,9.0,1.0,0.0,0.0,9.0,138.0,224.0,5.0,9.7391,27.6,0.0,-1.0244
s lamichhane,S Lamichhane,1.0,0.0,1.0,1.0,0.0,0.0,9.0,210.0,292.0,13.0,8.3429,16.1538,0.0,0.5532
s midhun,,0.0,0.0,0.0,0.0,0.0,0.0,1.0,12.0,27.0,0.0,13.5,12.0,0.0,0.0
s nadeem,S Nadeem,20.0,39.0,87.0,14.0,44.8276,2.7857,70.0,1415.0,1784.0,48.0,7.5647,29.4792,-3.6788,0.6429
s narwal,S Narwal,4.0,37.0,27.0,3.0,137.037,12.3333,6.0,106.0,202.0,5.0,11.434,21.2,0.0,-2.1262
s rana,S Rana,8.0,91.0,81.0,4.0,112.3457,22.75,3.0,16.0,18.0,0.0,6.75,16.0,-0.4235,0.0
s randiv,S Randiv,1.0,2.0,4.0,1.0,50.0,2.0,8.0,174.0,223.0,6.0,7.6897,29.0,0.0,0.562
s sandeep warrier,,0.0,0.0,0.0,0.0,0.0,0.0,10.0,168.0,253.0,8.0,9.0357,21.0,0.0,-0.1962
s sohal,S Sohal,20.0,368.0,292.0,18.0,126.0274,20.4444,0.0,0.0,0.0,0.0,0.0,0.0,0.0124,0.0
s sreesanth,S Sreesanth,12.0,34.0,55.0,3.0,61.8182,11.3333,44.0,880.0,1194.0,40.0,8.1409,22.0,0.0,0.4808
s sriram,S Sriram,2.0,31.0,36.0,2.0,86.1111,15.5,2.0,18.0,49.0,0.0,16.3333,18.0,0.0,0.0
s tyagi,S Tyagi,1.0,3.0,4.0,0.0,75.0,3.0,14.0,209.0,295.0,6.0,8.4689,34.8333,0.0,-0.2963
s vidyut,S Vidyut,8.0,145.0,109.0,8.0,133.0275,18.125,1.0,12.0,22.0,1.0,11.0,12.0,0.2061,0.0
sa abbott,SA Abbott,3.0,22.0,18.0,2.0,122.2222,11.0,3.0,54.0,104.0,1.0,11.5556,54.0,0.0,0.0
sa asnodkar,SA Asnodkar,19.0,423.0,339.0,18.0,124.7788,23.5,0.0,0.0,0.0,0.0,0.0,0.0,0.0311,0.0
sa yadav,SA Yadav,151.0,4311.0,2901.0,120.0,148.6039,35.925,1.0,6.0,8.0,0.0,8.0,6.0,1.0676,0.0
sachin baby,Sachin Baby,11.0,144.0,118.0,9.0,122.0339,16.0,2.0,10.0,8.0,2.0,4.8,5.0,-0.2384,0.0
salman butt,Salman Butt,7.0,193.0,161.0,7.0,119.8758,27.5714,0.0,0.0,0.0,0.0,0.0,0.0,-0.0699,0.0
sameer rizvi,Sameer Rizvi,9.0,172.0,122.0,7.0,140.9836,24.5714,0.0,0.0,0.0,0.0,0.0,0.0,0.6246,0.0
sandeep sharma,Sandeep Sharma,26.0,60.0,75.0,5.0,80.0,12.0,136.0,3045.0,4083.0,146.0,8.0453,20.8562,-1.8523,0.6032
sanvir singh,Sanvir Singh,5.0,25.0,21.0,2.0,119.0476,12.5,0.0,0.0,0.0,0.0,0.0,0.0,0.0,0.0
saurav chauhan,Saurav Chauhan,3.0,18.0,15.0,3.0,120.0,6.0,0.0,0.0,0.0,0.0,0.0,0.0,0.0,0.0
sb bangar,SB Bangar,7.0,49.0,58.0,6.0,84.4828,8.1667,9.0,150.0,219.0,4.0,8.76,37.5,0.0,-0.6364
sb dubey,SB Dubey,11.0,139.0,85.0,6.0,163.5294,23.1667,0.0,0.0,0.0,0.0,0.0,0.0,1.3957,0.0
sb jakati,SB Jakati,5.0,28.0,29.0,1.0,96.5517,28.0,57.0,1085.0,1451.0,47.0,8.024,23.0851,0.0,0.531
sb joshi,SB Joshi,2.0,6.0,14.0,2.0,42.8571,3.0,4.0,55.0,82.0,1.0,8.9455,55.0,0.0,0.0
sb styris,SB Styris,10.0,131.0,133.0,7.0,98.4962,18.7143,11.0,216.0,276.0,8.0,7.6667,27.0,-1.0014,0.6605
sb wagh,SB Wagh,2.0,2.0,3.0,2.0,66.6667,1.0,8.0,102.0,137.0,5.0,8.0588,20.4,0.0,0.6107
sc ganguly,SC Ganguly,56.0,1349.0,1263.0,52.0,106.8092,25.9423,20.0,276.0,363.0,10.0,7.8913,27.6,-0.5599,0.4564
sc kuggeleijn,,0.0,0.0,0.0,0.0,0.0,0.0,2.0,48.0,71.0,2.0,8.875,24.0,0.0,0.0
sd chitnis,SD Chitnis,8.0,99.0,89.0,7.0,111.236,14.1429,2.0,36.0,60.0,2.0,10.0,18.0,-0.6751,0.0
sd hope,SD Hope,9.0,183.0,122.0,7.0,150.0,26.1429,0.0,0.0,0.0,0.0,0.0,0.0,0.9718,0.0
sd lad,SD Lad,1.0,15.0,13.0,1.0,115.3846,15.0,0.0,0.0,0.0,0.0,0.0,0.0,0.0,0.0
se bond,SE Bond,1.0,1.0,2.0,1.0,50.0,1.0,8.0,186.0,224.0,9.0,7.2258,20.6667,0.0,1.2676
se marsh,SE Marsh,69.0,2489.0,1871.0,62.0,133.0305,40.1452,0.0,0.0,0.0,0.0,0.0,0.0,0.5676,0.0
se rutherford,SE Rutherford,20.0,397.0,289.0,16.0,137.3702,24.8125,6.0,41.0,59.0,1.0,8.6341,41.0,0.5012,0.0
sediqullah atal,Sediqullah Atal,1.0,22.0,16.0,1.0,137.5,22.0,0.0,0.0,0.0,0.0,0.0,0.0,0.0,0.0
sh johnson,SH Johnson,5.0,8.0,11.0,0.0,72.7273,8.0,9.0,164.0,284.0,5.0,10.3902,32.8,0.0,-1.7546
shahbaz ahmed,Shahbaz Ahmed,38.0,545.0,448.0,28.0,121.6518,19.4643,45.0,588.0,939.0,22.0,9.5816,26.7273,-0.1645,-0.8632
shahid afridi,Shahid Afridi,9.0,81.0,46.0,8.0,176.087,10.125,10.0,180.0,225.0,9.0,7.5,20.0,0.0,1.0746
shakib al hasan,Shakib Al Hasan,52.0,795.0,639.0,39.0,124.4131,20.3846,70.0,1484.0,1839.0,63.0,7.4353,23.5556,-0.046,0.984
shashank singh,Shashank Singh,33.0,773.0,490.0,18.0,157.7551,42.9444,4.0,30.0,52.0,1.0,10.4,30.0,1.4735,0.0
shivam mavi,Shivam Mavi,11.0,51.0,56.0,9.0,91.0714,5.6667,32.0,649.0,942.0,30.0,8.7088,21.6333,0.0,0.0404
shivam sharma,Shivam Sharma,2.0,5.0,3.0,1.0,166.6667,5.0,5.0,114.0,165.0,4.0,8.6842,28.5,0.0,-0.2151
shivam singh,Shivam Singh,1.0,2.0,3.0,0.0,66.6667,2.0,0.0,0.0,0.0,0.0,0.0,0.0,0.0,0.0
shoaib ahmed,Shoaib Ahmed,3.0,1.0,6.0,2.0,16.6667,0.5,7.0,102.0,152.0,5.0,8.9412,20.4,0.0,-0.0964
shoaib akhtar,Shoaib Akhtar,1.0,2.0,7.0,1.0,28.5714,2.0,3.0,42.0,54.0,5.0,7.7143,8.4,0.0,0.0
shoaib malik,Shoaib Malik,5.0,52.0,47.0,4.0,110.6383,13.0,5.0,51.0,85.0,2.0,10.0,25.5,0.0,0.0
shubman gill,Shubman Gill,114.0,3866.0,2787.0,95.0,138.7155,40.6947,0.0,0.0,0.0,0.0,0.0,0.0,0.775,0.0
sikandar raza,Sikandar Raza,9.0,182.0,136.0,7.0,133.8235,26.0,7.0,84.0,141.0,3.0,10.0714,28.0,0.3969,-1.3068
simarjeet singh,Simarjeet Singh,6.0,10.0,15.0,3.0,66.6667,3.3333,14.0,240.0,400.0,11.0,10.0,21.8182,0.0,-1.0018
sj srivastava,SJ Srivastava,4.0,5.0,5.0,1.0,100.0,5.0,14.0,282.0,441.0,14.0,9.383,20.1429,0.0,-0.4402
sk raina,SK Raina,200.0,5536.0,4046.0,162.0,136.8265,34.1728,69.0,908.0,1118.0,25.0,7.3877,36.32,0.628,0.5107
sk rasheed,SK Rasheed,5.0,71.0,63.0,5.0,112.6984,14.2,0.0,0.0,0.0,0.0,0.0,0.0,-0.6216,0.0
sk trivedi,SK Trivedi,14.0,42.0,59.0,7.0,71.1864,6.0,75.0,1506.0,1904.0,65.0,7.5857,23.1692,0.0,0.8789
sk warne,SK Warne,27.0,198.0,214.0,17.0,92.5234,11.6471,54.0,1194.0,1447.0,57.0,7.2714,20.9474,-1.4222,1.2199
sl malinga,SL Malinga,20.0,88.0,99.0,11.0,88.8889,8.0,122.0,2827.0,3366.0,170.0,7.144,16.6294,-1.7112,1.495
sm boland,,0.0,0.0,0.0,0.0,0.0,0.0,2.0,42.0,54.0,2.0,7.7143,21.0,0.0,0.0
sm curran,SM Curran,53.0,997.0,731.0,40.0,136.3885,24.925,63.0,1253.0,2033.0,59.0,9.735,21.2373,0.4685,-0.7662
sm harwood,SM Harwood,2.0,9.0,14.0,0.0,64.2857,9.0,3.0,60.0,73.0,3.0,7.3,20.0,0.0,1.2349
sm katich,SM Katich,11.0,241.0,186.0,9.0,129.5699,26.7778,0.0,0.0,0.0,0.0,0.0,0.0,0.2598,0.0
sm pollock,SM Pollock,8.0,147.0,111.0,8.0,132.4324,18.375,13.0,276.0,301.0,11.0,6.5435,25.0909,0.1912,1.6372
smsm senanayake,SMSM Senanayake,4.0,10.0,17.0,1.0,58.8235,10.0,8.0,192.0,209.0,9.0,6.5312,21.3333,0.0,1.7975
sn khan,SN Khan,36.0,585.0,448.0,26.0,130.5804,22.5,1.0,2.0,6.0,0.0,18.0,2.0,0.2167,0.0
sn thakur,SN Thakur,40.0,325.0,233.0,26.0,139.485,12.5,102.0,2070.0,3244.0,107.0,9.4029,19.3458,0.2703,-0.4242
so hetmyer,SO Hetmyer,78.0,1488.0,980.0,50.0,151.8367,29.76,0.0,0.0,0.0,0.0,0.0,0.0,1.0958,0.0
sohail tanvir,Sohail Tanvir,5.0,36.0,29.0,3.0,124.1379,12.0,11.0,247.0,266.0,22.0,6.4615,11.2273,0.0,2.2584
sp fleming,SP Fleming,10.0,196.0,165.0,9.0,118.7879,21.7778,0.0,0.0,0.0,0.0,0.0,0.0,-0.2153,0.0
sp goswami,SP Goswami,21.0,293.0,295.0,19.0,99.322,15.4211,0.0,0.0,0.0,0.0,0.0,0.0,-1.0584,0.0
sp jackson,SP Jackson,8.0,61.0,57.0,6.0,107.0175,10.1667,0.0,0.0,0.0,0.0,0.0,0.0,0.0,0.0
sp narine,SP Narine,118.0,1780.0,1069.0,95.0,166.5108,18.7368,187.0,4351.0,4933.0,192.0,6.8026,22.6615,1.4057,1.5269
spd smith,SPD Smith,93.0,2495.0,1945.0,70.0,128.2776,35.6429,1.0,2.0,5.0,0.0,15.0,2.0,0.3448,0.0
sr tendulkar,SR Tendulkar,78.0,2334.0,1948.0,67.0,119.8152,34.8358,4.0,36.0,58.0,0.0,9.6667,36.0,0.0349,0.0
sr watson,SR Watson,141.0,3880.0,2813.0,124.0,137.931,31.2903,105.0,2029.0,2682.0,92.0,7.931,22.0543,0.6267,0.6469
ss agarwal,,0.0,0.0,0.0,0.0,0.0,0.0,1.0,24.0,42.0,1.0,10.5,24.0,0.0,0.0
ss cottrell,SS Cottrell,1.0,0.0,2.0,1.0,0.0,0.0,6.0,120.0,176.0,6.0,8.8,20.0,0.0,0.0327
ss iyer,SS Iyer,131.0,3735.0,2800.0,109.0,133.3929,34.2661,1.0,6.0,7.0,0.0,7.0,6.0,0.5077,0.0
ss mundhe,,0.0,0.0,0.0,0.0,0.0,0.0,1.0,6.0,6.0,1.0,6.0,6.0,0.0,0.0
ss prabhudessai,SS Prabhudessai,10.0,126.0,106.0,9.0,118.8679,14.0,0.0,0.0,0.0,0.0,0.0,0.0,-0.4095,0.0
ss sarkar,,0.0,0.0,0.0,0.0,0.0,0.0,2.0,25.0,34.0,1.0,8.16,25.0,0.0,0.0
ss shaikh,SS Shaikh,1.0,6.0,7.0,0.0,85.7143,6.0,0.0,0.0,0.0,0.0,0.0,0.0,0.0,0.0
ss tiwary,SS Tiwary,73.0,1494.0,1244.0,49.0,120.0965,30.4898,0.0,0.0,0.0,0.0,0.0,0.0,-0.0162,0.0
ssb magala,,0.0,0.0,0.0,0.0,0.0,0.0,2.0,36.0,51.0,1.0,8.5,36.0,0.0,0.0
st jayasuriya,ST Jayasuriya,30.0,768.0,532.0,28.0,144.3609,27.4286,21.0,294.0,390.0,13.0,7.9592,22.6154,0.7941,0.6018
str binny,STR Binny,66.0,880.0,683.0,43.0,128.8433,20.4651,63.0,594.0,758.0,22.0,7.6566,27.0,0.1125,0.6686
sumit kumar,Sumit Kumar,3.0,18.0,24.0,2.0,75.0,9.0,2.0,20.0,38.0,0.0,11.4,20.0,0.0,0.0
sunny gupta,Sunny Gupta,1.0,0.0,1.0,1.0,0.0,0.0,1.0,18.0,47.0,0.0,15.6667,18.0,0.0,0.0
sunny singh,Sunny Singh,5.0,43.0,31.0,4.0,138.7097,10.75,0.0,0.0,0.0,0.0,0.0,0.0,0.0,0.0
suryansh shedge,Suryansh Shedge,3.0,7.0,11.0,3.0,63.6364,2.3333,1.0,18.0,40.0,0.0,13.3333,18.0,0.0,0.0
suyash sharma,,0.0,0.0,0.0,0.0,0.0,0.0,27.0,558.0,814.0,18.0,8.7527,31.0,0.0,-0.3701
sv samson,SV Samson,171.0,4704.0,3383.0,148.0,139.0482,31.7838,0.0,0.0,0.0,0.0,0.0,0.0,0.6734,0.0
sw billings,SW Billings,27.0,503.0,388.0,26.0,129.6392,19.3462,0.0,0.0,0.0,0.0,0.0,0.0,0.1154,0.0
sw tait,SW Tait,5.0,23.0,26.0,3.0,88.4615,7.6667,21.0,473.0,640.0,23.0,8.1184,20.5652,0.0,0.5563
swapnil singh,Swapnil Singh,9.0,51.0,45.0,5.0,113.3333,10.2,14.0,162.0,241.0,7.0,8.9259,23.1429,0.0,-0.1941
sz mulani,SZ Mulani,1.0,1.0,1.0,0.0,100.0,1.0,2.0,30.0,57.0,0.0,11.4,30.0,0.0,0.0
t banton,T Banton,2.0,18.0,20.0,2.0,90.0,9.0,0.0,0.0,0.0,0.0,0.0,0.0,0.0,0.0
t henderson,T Henderson,2.0,11.0,16.0,1.0,68.75,11.0,2.0,36.0,40.0,1.0,6.6667,36.0,0.0,0.0
t kohler cadmore,T Kohler-Cadmore,3.0,48.0,54.0,3.0,88.8889,16.0,0.0,0.0,0.0,0.0,0.0,0.0,0.0,0.0
t kohli,T Kohli,3.0,11.0,19.0,3.0,57.8947,3.6667,0.0,0.0,0.0,0.0,0.0,0.0,0.0,0.0
t natarajan,T Natarajan,2.0,3.0,5.0,0.0,60.0,3.0,63.0,1362.0,2022.0,68.0,8.9075,20.0294,0.0,-0.0546
t shamsi,T Shamsi,1.0,2.0,4.0,0.0,50.0,2.0,5.0,120.0,181.0,3.0,9.05,40.0,0.0,-0.969
t stubbs,T Stubbs,30.0,711.0,433.0,15.0,164.2032,47.4,5.0,36.0,69.0,4.0,11.5,9.0,1.7472,0.0
t taibu,T Taibu,3.0,31.0,26.0,3.0,119.2308,10.3333,0.0,0.0,0.0,0.0,0.0,0.0,0.0,0.0
t thushara,T Thushara,4.0,12.0,18.0,2.0,66.6667,6.0,6.0,135.0,161.0,8.0,7.1556,16.875,0.0,1.4758
ta boult,TA Boult,24.0,85.0,81.0,8.0,104.9383,10.625,119.0,2687.0,3762.0,143.0,8.4004,18.7902,-1.0226,0.4014
tanush kotian,Tanush Kotian,1.0,24.0,31.0,1.0,77.4194,24.0,0.0,0.0,0.0,0.0,0.0,0.0,0.0,0.0
td paine,TD Paine,2.0,10.0,26.0,2.0,38.4615,5.0,0.0,0.0,0.0,0.0,0.0,0.0,0.0,0.0
tejas baroka,,0.0,0.0,0.0,0.0,0.0,0.0,1.0,21.0,33.0,0.0,9.4286,21.0,0.0,0.0
tg southee,TG Southee,19.0,120.0,107.0,11.0,112.1495,10.9091,54.0,1206.0,1742.0,47.0,8.6667,25.6596,-0.7561,-0.0872
th david,TH David,44.0,846.0,488.0,25.0,173.3607,33.84,0.0,0.0,0.0,0.0,0.0,0.0,1.9161,0.0
tilak varma,Tilak Varma,51.0,1499.0,1038.0,38.0,144.4123,39.4474,4.0,22.0,28.0,0.0,7.6364,22.0,0.9623,0.0
tk curran,TK Curran,10.0,127.0,107.0,5.0,118.6916,25.4,13.0,238.0,430.0,13.0,10.8403,18.3077,-0.1491,-1.5346
tl seifert,TL Seifert,3.0,26.0,23.0,3.0,113.0435,8.6667,0.0,0.0,0.0,0.0,0.0,0.0,0.0,0.0
tl suman,TL Suman,39.0,676.0,575.0,30.0,117.5652,22.5333,11.0,150.0,197.0,6.0,7.88,25.0,-0.2431,0.5697
tm dilshan,TM Dilshan,50.0,1153.0,1007.0,40.0,114.4985,28.825,25.0,271.0,366.0,5.0,8.1033,54.2,-0.2399,-0.7793
tm head,TM Head,37.0,1146.0,674.0,32.0,170.0297,35.8125,6.0,58.0,113.0,2.0,11.6897,29.0,1.8243,0.0
tm srivastava,TM Srivastava,3.0,8.0,11.0,1.0,72.7273,8.0,0.0,0.0,0.0,0.0,0.0,0.0,0.0,0.0
tp sudhindra,,0.0,0.0,0.0,0.0,0.0,0.0,3.0,70.0,136.0,1.0,11.6571,70.0,0.0,-4.2606
tr birt,TR Birt,5.0,75.0,58.0,5.0,129.3103,15.0,0.0,0.0,0.0,0.0,0.0,0.0,0.0,0.0
ts mills,TS Mills,5.0,8.0,14.0,4.0,57.1429,2.0,10.0,209.0,343.0,11.0,9.8469,19.0,0.0,-0.7662
tu deshpande,TU Deshpande,8.0,28.0,22.0,2.0,127.2727,14.0,46.0,965.0,1583.0,51.0,9.8425,18.9216,0.0,-0.7595
u kaul,U Kaul,1.0,0.0,1.0,0.0,0.0,0.0,0.0,0.0,0.0,0.0,0.0,0.0,0.0,0.0
ua birla,UA Birla,1.0,7.0,14.0,1.0,50.0,7.0,0.0,0.0,0.0,0.0,0.0,0.0,0.0,0.0
ubt chand,UBT Chand,20.0,300.0,300.0,20.0,100.0,15.0,0.0,0.0,0.0,0.0,0.0,0.0,-1.0467,0.0
umar gul,Umar Gul,4.0,39.0,19.0,3.0,205.2632,13.0,6.0,135.0,184.0,12.0,8.1778,11.25,0.0,0.882
umran malik,Umran Malik,5.0,23.0,16.0,1.0,143.75,23.0,26.0,493.0,772.0,29.0,9.3955,17.0,0.0,-0.3243
urvil patel,Urvil Patel,3.0,68.0,32.0,3.0,212.5,22.6667,0.0,0.0,0.0,0.0,0.0,0.0,0.0,0.0
ut khawaja,UT Khawaja,6.0,127.0,100.0,5.0,127.0,25.4,0.0,0.0,0.0,0.0,0.0,0.0,0.1449,0.0
ut yadav,UT Yadav,48.0,208.0,201.0,20.0,103.4826,10.4,147.0,3056.0,4332.0,144.0,8.5052,21.2222,-1.0834,0.22
v kaverappa,,0.0,0.0,0.0,0.0,0.0,0.0,1.0,24.0,36.0,2.0,9.0,12.0,0.0,0.0
v kohli,V Kohli,259.0,8671.0,6523.0,217.0,132.9296,39.9585,26.0,251.0,368.0,4.0,8.7968,62.75,0.5619,-1.6777
v nigam,V Nigam,8.0,142.0,79.0,5.0,179.7468,28.4,13.0,234.0,356.0,11.0,9.1282,21.2727,2.062,-0.2813
v pratap singh,V Pratap Singh,1.0,0.0,1.0,1.0,0.0,0.0,9.0,204.0,296.0,10.0,8.7059,20.4,0.0,0.0921
v puthur,,0.0,0.0,0.0,0.0,0.0,0.0,5.0,72.0,109.0,6.0,9.0833,12.0,0.0,0.1262
v sehwag,V Sehwag,104.0,2728.0,1755.0,95.0,155.4416,28.7158,15.0,136.0,235.0,6.0,10.3676,22.6667,1.2071,-1.3304
v shankar,V Shankar,63.0,1233.0,950.0,46.0,129.7895,26.8043,22.0,238.0,344.0,9.0,8.6723,26.4444,0.2681,-0.1231
v suryavanshi,V Suryavanshi,7.0,252.0,122.0,7.0,206.5574,36.0,0.0,0.0,0.0,0.0,0.0,0.0,3.1191,0.0
v viyaskanth,V Viyaskanth,1.0,7.0,5.0,0.0,140.0,7.0,3.0,60.0,86.0,1.0,8.6,60.0,0.0,-1.4098
vg arora,VG Arora,9.0,9.0,24.0,4.0,37.5,2.25,32.0,638.0,1016.0,36.0,9.5549,17.7222,0.0,-0.4809
vh zol,VH Zol,2.0,29.0,26.0,2.0,111.5385,14.5,0.0,0.0,0.0,0.0,0.0,0.0,0.0,0.0
vijaykumar vyshak,Vijaykumar Vyshak,4.0,14.0,12.0,2.0,116.6667,7.0,16.0,333.0,576.0,17.0,10.3784,19.5882,0.0,-1.2157
virat singh,Virat Singh,2.0,15.0,26.0,2.0,57.6923,7.5,0.0,0.0,0.0,0.0,0.0,0.0,0.0,0.0
vishnu vinod,Vishnu Vinod,6.0,56.0,57.0,6.0,98.2456,9.3333,0.0,0.0,0.0,0.0,0.0,0.0,0.0,0.0
vivrant sharma,Vivrant Sharma,1.0,69.0,47.0,1.0,146.8085,69.0,2.0,18.0,37.0,0.0,12.3333,18.0,0.0,0.0
vr aaron,VR Aaron,12.0,50.0,72.0,4.0,69.4444,12.5,50.0,994.0,1481.0,44.0,8.9396,22.5909,-2.208,-0.183
vr iyer,VR Iyer,56.0,1468.0,1069.0,49.0,137.3246,29.9592,9.0,81.0,143.0,3.0,10.5926,27.0,0.5854,-1.6844
vrv singh,VRV Singh,2.0,4.0,3.0,1.0,133.3333,4.0,18.0,360.0,542.0,12.0,9.0333,30.0,0.0,-0.555
vs malik,VS Malik,2.0,7.0,7.0,1.0,100.0,7.0,13.0,205.0,261.0,6.0,7.639,34.1667,0.0,0.3955
vs yeligati,VS Yeligati,1.0,2.0,2.0,1.0,100.0,2.0,2.0,30.0,59.0,0.0,11.8,30.0,0.0,0.0
vvs laxman,VVS Laxman,20.0,282.0,267.0,16.0,105.618,17.625,0.0,0.0,0.0,0.0,0.0,0.0,-0.7762,0.0
vy mahesh,VY Mahesh,5.0,15.0,27.0,2.0,55.5556,7.5,17.0,339.0,499.0,21.0,8.8319,16.1429,0.0,0.1618
w jaffer,W Jaffer,8.0,130.0,121.0,7.0,107.438,18.5714,0.0,0.0,0.0,0.0,0.0,0.0,-0.6884,0.0
w o rourke,,0.0,0.0,0.0,0.0,0.0,0.0,3.0,62.0,132.0,6.0,12.7742,10.3333,0.0,-2.7649
wa mota,WA Mota,8.0,56.0,75.0,5.0,74.6667,11.2,7.0,72.0,97.0,4.0,8.0833,18.0,-2.0709,0.6872
washington sundar,Washington Sundar,43.0,511.0,405.0,31.0,126.1728,16.4839,63.0,1119.0,1436.0,39.0,7.6997,28.6923,-0.0788,0.5662
wd parnell,WD Parnell,13.0,65.0,80.0,10.0,81.25,6.5,33.0,723.0,937.0,35.0,7.7759,20.6571,-2.0675,0.8271
wg jacks,WG Jacks,19.0,463.0,303.0,16.0,152.8053,28.9375,13.0,138.0,220.0,8.0,9.5652,17.25,1.1173,-0.4703
wp saha,WP Saha,143.0,2934.0,2300.0,118.0,127.5652,24.8644,0.0,0.0,0.0,0.0,0.0,0.0,0.1552,0.0
wpujc vaas,WPUJC Vaas,11.0,81.0,73.0,7.0,110.9589,11.5714,13.0,282.0,355.0,18.0,7.5532,15.6667,-0.7727,1.2056
x thalaivan sargunam,X Thalaivan Sargunam,1.0,10.0,17.0,1.0,58.8235,10.0,0.0,0.0,0.0,0.0,0.0,0.0,0.0,0.0
xc bartlett,XC Bartlett,1.0,11.0,15.0,1.0,73.3333,11.0,4.0,60.0,96.0,2.0,9.6,30.0,0.0,-1.0091
y gnaneswara rao,Y Gnaneswara Rao,1.0,19.0,17.0,1.0,111.7647,19.0,1.0,6.0,7.0,0.0,7.0,6.0,0.0,0.0
y nagar,Y Nagar,20.0,285.0,259.0,14.0,110.0386,20.3571,8.0,66.0,125.0,4.0,11.3636,16.5,-0.5552,-1.8815
y prithvi raj,Y Prithvi Raj,1.0,0.0,1.0,0.0,0.0,0.0,2.0,30.0,57.0,1.0,11.4,30.0,0.0,0.0
y venugopal rao,Y Venugopal Rao,52.0,985.0,836.0,42.0,117.823,23.4524,20.0,216.0,337.0,6.0,9.3611,36.0,-0.2159,-1.0581
ya abdulla,YA Abdulla,1.0,0.0,1.0,0.0,0.0,0.0,11.0,209.0,307.0,15.0,8.8134,13.9333,0.0,0.2651
yash dayal,Yash Dayal,4.0,4.0,9.0,3.0,44.4444,1.3333,43.0,871.0,1390.0,41.0,9.5752,21.2439,0.0,-0.6384
yash thakur,,0.0,0.0,0.0,0.0,0.0,0.0,21.0,443.0,770.0,25.0,10.4289,17.72,0.0,-1.1813
yashpal singh,Yashpal Singh,4.0,47.0,66.0,4.0,71.2121,11.75,0.0,0.0,0.0,0.0,0.0,0.0,-2.1724,0.0
ybk jaiswal,YBK Jaiswal,66.0,2166.0,1417.0,62.0,152.8582,34.9355,1.0,1.0,6.0,0.0,36.0,1.0,1.2053,0.0
yk pathan,YK Pathan,153.0,3222.0,2245.0,105.0,143.5189,30.6857,82.0,1147.0,1415.0,42.0,7.4019,27.3095,0.8155,0.8603
younis khan,Younis Khan,1.0,3.0,7.0,1.0,42.8571,3.0,0.0,0.0,0.0,0.0,0.0,0.0,0.0,0.0
ys chahal,YS Chahal,17.0,37.0,86.0,6.0,43.0233,6.1667,172.0,3791.0,5032.0,221.0,7.9641,17.1538,-3.4416,0.8167
yudhvir singh,Yudhvir Singh,4.0,22.0,16.0,4.0,137.5,5.5,9.0,138.0,253.0,8.0,11.0,17.25,0.0,-1.6202
yuvraj singh,Yuvraj Singh,126.0,2754.0,2122.0,107.0,129.7832,25.7383,73.0,869.0,1077.0,36.0,7.4361,24.1389,0.2494,0.9599
yv dhull,YV Dhull,3.0,16.0,23.0,3.0,69.5652,5.3333,0.0,0.0,0.0,0.0,0.0,0.0,0.0,0.0
yv takawale,YV Takawale,10.0,192.0,178.0,8.0,107.8652,24.0,0.0,0.0,0.0,0.0,0.0,0.0,-0.5578,0.0
z khan,Z Khan,27.0,117.0,141.0,14.0,82.9787,8.3571,99.0,2200.0,2782.0,102.0,7.5873,21.5686,-1.902,0.9418
zeeshan ansari,,0.0,0.0,0.0,0.0,0.0,0.0,10.0,203.0,333.0,6.0,9.8424,33.8333,0.0,-1.3569
